SiteID,StoreNumber,City,State,Address,MatchMethod,CoordinateDistanceMiles,CandidateCount
303649,309,Abbeville,LA,3005 Charity St,Unique store number,0,1
304112,1097,Aberdeen,NC,250 Turner St,Unique store number,0,1
304762,1520,Aberdeen,SD,3820 7th Ave SE,Unique store number,0,1
303770,1968,Aberdeen,MD,645 S Philadelphia Blvd,Unique store number,0,1
138436,2037,Aberdeen,WA,909 E Wishkah St,Unique store number,0,1
745550,3748,Acworth,GA,3826 Cobb Pkwy NW,Unique store number,0,1
304491,479,Altus,OK,2500 N Main St,Unique store number,0,1
2333661,7206,High Point,NC,10250 S Main St,Unique store number,0,1
665981,3427,Artesia,NM,604 N 26th St,Unique store number,0,1
302687,133,Ashdown,AR,297 Highway 32 Byp,Unique store number,0,1
304872,226,Atlanta,TX,201 Loop 59,Unique store number,0,1
1815423,7601,Atlanta,GA,835 Martin Luther King Jr Dr NW,Unique store number,0,1
2046239,3741,Atlanta,GA,1105 Research Center Atlanta Dr,Unique store number,0,1
787685,4405,Aurora,IL,2900 Kirk Rd,Unique store number,0,1
304861,535,Abilene,TX,4350 Southwest Dr,Unique store number,0,1
2388289,5715,Abilene,TX,1619 Ambler Ave,Unique store number,0,1
304862,536,Abilene,TX,1650 State Highway 351,Unique store number,0,1
2403292,154,Abingdon,VA,16032 15 Mile Rd,Unique store number,0,1
303771,2009,Abingdon,MD,401 Constant Friendship Blvd,Unique store number,0,1
303730,2227,ABINGTON,MA,777 Brockton Ave,Unique store number,0,1
304490,231,Ada,OK,1419 N Country Club Rd,Unique store number,0,1
646619,5442,Addison,IL,1050 N Rohlwing Rd,Unique store number,0,1
2345845,7194,Adel,GA,351 Alabama Rd,Unique store number,0,1
303824,1836,Adrian,MI,1601 E Us Highway 223,Unique store number,0,1
304113,1950,Ahoskie,NC,2150 Us Highway 13 S,Unique store number,0,1
767151,4487,Aiken,SC,3581 Richland Ave W,Unique store number,0,1
304703,514,Aiken,SC,2035 Whiskey Rd,Unique store number,0,1
304386,2905,SUFFERN,NY,250 Route 59,Unique store number,0,1
304398,1911,Akron,OH,2887 S Arlington Rd,Unique store number,0,1
302665,423,Alabaster,AL,630 Colonial Promenade Pkwy,Unique store number,0,1
2311829,4756,Alabaster,AL,9085 Highway 119,Unique store number,0,1
513553,5165,Alamo,TX,1421 W Frontage Rd,Unique store number,0,1
304288,1306,Alamogordo,NM,233 S New York Ave,Unique store number,0,1
2360421,5726,Alamogordo,NM,2401 Indian Wells Rd,Unique store number,0,1
302933,869,Alamosa,CO,3333 Clark St,Unique store number,0,1
2220437,2152,Albany,NY,141 Washington Avenue Ext,Unique store number,0,1
2303748,2801,Albany,GA,108 S Westover Blvd,Unique store number,0,1
2333617,4517,Albany,GA,2586 N Slappey Blvd,Unique store number,0,1
1322546,5396,Albany,OR,1330 Goldfish Farm Rd SE,Unique store number,0,1
959176,5797,Albany,GA,262 Cordele Rd,Unique store number,0,1
303154,588,Albany,GA,2825 Ledo Rd,Unique store number,0,1
304114,1133,Albemarle,NC,781 Leonard Ave,Unique store number,0,1
303884,1020,Albert Lea,MN,1550 Blake Ave,Unique store number,0,1
703944,3607,Albion,NY,13858 State Route 31,Unique store number,0,1
704428,3317,Albuquerque,NM,8511 Golf Course Rd NW,Unique store number,0,1
304292,1397,Albuquerque,NM,10224 Coors Bypass NW,Unique store number,0,1
1947844,2451,Albuquerque,NM,4700 Cutler Ave NE,Unique store number,0,1
304294,2924,Albuquerque,NM,2550 Coors Blvd NW,Unique store number,0,1
764439,3385,Albuquerque,NM,9600 Sage Rd SW,Unique store number,0,1
2303799,3512,Albuquerque,NM,11018 Montgomery Blvd NE,Unique store number,0,1
2333628,4676,Albuquerque,NM,1820 Unser Blvd NW,Unique store number,0,1
869656,5491,Albuquerque,NM,2266 Wyoming Blvd NE,Unique store number,0,1
304291,824,Albuquerque,NM,8000 Academy Rd NE,Unique store number,0,1
304290,835,Albuquerque,NM,400 Eubank Blvd NE,Unique store number,0,1
304289,850,Albuquerque,NM,2701 Carlisle Blvd NE,Unique store number,0,1
1490986,5675,Albuquerque,NM,11001 Menaul Blvd NE,Unique store number,0,1
646621,5430,Albuquerque,NM,3500 Coors Blvd SW,Unique store number,0,1
304771,672,Alcoa,TN,1030 Hunters Xing,Unique store number,0,1
303327,792,ALEDO,IL,1500 SE 5th St,Unique store number,0,1
302602,726,Alexander City,AL,2643 Highway 280,Unique store number,0,1
303885,1632,Alexandria,MN,4611 State Highway 29 S,Unique store number,0,1
303575,1961,Alexandria,KY,6711 Alexandria Pike,Unique store number,0,1
619589,2194,Alexandria,VA,5885 Kingstowne Blvd,Unique store number,0,1
305157,2258,Alexandria,VA,7910 Richmond Hwy,Unique store number,0,1
2221239,3727,Alexandria,LA,812 Belleau Wood Blvd,Unique store number,0,1
801453,4295,Alexandria,LA,6225 Coliseum Blvd,Unique store number,0,1
303650,539,Alexandria,LA,2050 N Mall Dr,Unique store number,0,1
935478,5753,Alexandria,VA,6303 Richmond Hwy,Unique store number,0,1
499077,5060,Algonquin,IL,1410 S Randall Rd,Unique store number,0,1
513559,5175,Cookeville,TN,589 W Main St,Unique store number,0,1
304863,791,Alice,TX,2701 E Main St,Unique store number,0,1
907539,2918,Allen,TX,730 W Exchange Pkwy,Unique store number,0,1
466451,3574,Allen,TX,1520 E Exchange Pkwy,Unique store number,0,1
304597,2641,Allentown,PA,1091 Millcreek Rd,Unique store number,0,1
304399,2541,Alliance,OH,2700 W State St,Unique store number,0,1
1027932,1422,Alma,MI,7700 N Alger Rd,Unique store number,0,1
302684,358,Alma,AR,367 W Cherry St,Unique store number,0,1
303826,2358,Alpena,MI,1180 M 32 W,Unique store number,0,1
303155,2941,Alpharetta,GA,5200 Windward Pkwy,Unique store number,0,1
787647,4436,Alpharetta,GA,5455 Atlanta Hwy,Unique store number,0,1
303005,1374,Altamonte Springs,FL,200 S State Road 434,Unique store number,0,1
704467,3768,Altavista,VA,125 Clarion Rd,Unique store number,0,1
304598,2049,Altoona,PA,2600 Plank Rd,Unique store number,0,1
303261,2764,Altoona,IA,3501 8th St SW,Unique store number,0,1
304492,178,Alva,OK,914 E Oklahoma Blvd,Unique store number,0,1
304864,462,Alvin,TX,400 Highway 35 Byp N,Unique store number,0,1
670767,3383,Amarillo,TX,4215 Canyon Dr,Unique store number,0,1
2311811,4464,Amarillo,TX,2711 SW 58th Ave,Unique store number,0,1
513561,5216,Amarillo,TX,5730 W Amarillo Blvd,Unique store number,0,1
2278621,7349,Amarillo,TX,7251 Arden Rd,Unique store number,0,1
2219725,7362,Amarillo,TX,2035 SE 34th Ave,Unique store number,0,1
897377,755,Amarillo,TX,4610 S Coulter St,Unique store number,0,1
304866,822,Amarillo,TX,3700 E Interstate 40,Unique store number,0,1
680087,3342,Amelia,OH,1815 E Ohio Pike,Unique store number,0,1
766601,1651,American Canyon,CA,7011 Main St,Unique store number,0,1
305136,2511,American Fork,UT,949 W Grassland Dr,Unique store number,0,1
303156,758,Americus,GA,1711 E Lamar St,Unique store number,0,1
787640,4256,Ames,IA,534 S Duff Ave,Unique store number,0,1
303262,749,Ames,IA,3105 Grand Ave,Unique store number,0,1
304238,1796,Amherst,NH,85 State Route 101A,Unique store number,0,1
1066325,2210,Buffalo,NY,3290 Sheridan Dr,Unique store number,0,1
704465,3616,Amite,LA,1200 W Oak St,Unique store number,0,1
304040,118,Amory,MS,1515 Highway 278 E,Unique store number,0,1
304331,2146,Amsterdam,NY,101 Sanford Farms Shopping Ctr,Unique store number,0,1
304493,162,ANADARKO,OK,1201 W Petree Rd,Unique store number,0,1
302806,2242,Anaheim,CA,440 N Euclid St,Unique store number,0,1
2120189,3101,Anaheim,CA,121 N Beach Blvd,Unique store number,0,1
1788423,5640,Anaheim,CA,1120 S Anaheim Blvd,Unique store number,0,1
1028194,5930,Anaheim,CA,88 E Orangethorpe Ave,Unique store number,0,1
303263,646,Anamosa,IA,101 115th St,Unique store number,0,1
302595,2070,Anchorage,AK,3101 A St,Unique store number,0,1
302596,2071,Anchorage,AK,8900 Old Seward Hwy,Unique store number,0,1
1989812,4359,Anchorage,AK,7405 Debarr Rd,Unique store number,0,1
302603,1091,Andalusia,AL,1991 Dr M L K Jr Expy,Unique store number,0,1
303440,1728,ANDERSON,IN,2321 Charles St,Unique store number,0,1
304705,396,ANDERSON,SC,3812 Liberty Hwy Ste 1,Unique store number,0,1
2258733,4443,Anderson,SC,2003 E Greenville St,Unique store number,0,1
703948,5133,Anderson,CA,5000 Rhonda Rd,Unique store number,0,1
304704,644,ANDERSON,SC,651 Highway 28 Byp,Unique store number,0,1
2013817,1999,Andover,MN,1851 Bunker Lake Blvd NW,Unique store number,0,1
304867,527,Angleton,TX,1801 N Velasco St,Unique store number,0,1
303441,1709,ANGOLA,IN,2016 N Wayne St,Unique store number,0,1
303264,892,Ankeny,IA,1002 SE National Dr,Unique store number,0,1
303328,233,ANNA,IL,300 Leigh Ave,Unique store number,0,1
2449624,6963,ANNA,TX,521 S Central Expy,Unique store number,0,1
302604,329,Anniston,AL,5560 Mcclellan Blvd,Unique store number,0,1
302807,1881,Antelope,CA,7901 Watt Ave,Unique store number,0,1
305262,3268,Antigo,WI,200 E State Highway 64,Unique store number,0,1
302808,2697,Antioch,CA,4893 Lone Tree Way,Unique store number,0,1
499065,5058,Antioch,TN,3035 Hamilton Church Rd,Unique store number,0,1
595457,5199,Antioch,IL,475 E Il Route 173,Unique store number,0,1
302766,1381,Apache Junction,AZ,2555 W Apache Trl,Unique store number,0,1
866704,3889,Apex,NC,3151 Apex Peakway,Unique store number,0,1
4410949,2229,Apollo Beach,FL,5551 N US Hwy 41,Unique store number,0,1
2725080,6894,Apopka,FL,820 Balmy Beach Dr,Unique store number,0,1
303006,955,Apopka,FL,1700 S Orange Blossom Trl,Unique store number,0,1
302809,2333,Apple Valley,CA,20251 US Highway 18,Unique store number,0,1
303886,2642,Saint Paul,MN,7835 150th St W,Unique store number,0,1
305263,1982,Appleton,WI,955 N Mutual Way,Unique store number,0,1
305264,2958,Appleton,WI,3701 E Calumet St,Unique store number,0,1
881568,4636,Appomattox,VA,505 Oakville Rd,Unique store number,0,1
302605,306,Arab,AL,1450 N Brindlee Mountain Pkwy,Unique store number,0,1
304868,458,Aransas Pass,TX,2501 W Wheeler Ave,Unique store number,0,1
770080,3720,Halethorpe,MD,3601 Washington Blvd,Unique store number,0,1
303007,811,Arcadia,FL,2725 SE Highway 70,Unique store number,0,1
826937,1179,Arden,NC,60 Airport Rd,Unique store number,0,1
304494,129,Ardmore,OK,1715 N Commerce St,Unique store number,0,1
302685,318,Arkadelphia,AR,109 WP Malone Dr,Unique store number,0,1
303523,978,Arkansas City,KS,2701 N Summit St,Unique store number,0,1
304869,1801,Arlington,TX,4801 S Cooper St,Unique store number,0,1
305456,2977,Arlington,TX,735 W Sublett Rd,Unique store number,0,1
787904,3284,Arlington,TX,4800 Highway 287,Unique store number,0,1
895730,3757,Arlington,WA,4010 172nd St,Unique store number,0,1
773973,3870,Arlington,TX,5401 Park Springs Blvd,Unique store number,0,1
1816114,5613,Arlington,TX,2121 N Collins St,Unique store number,0,1
670778,5416,Arlington,TX,915 E Randol Mill Rd,Unique store number,0,1
303927,1514,Arnold,MO,2201 Michigan Ave,Unique store number,0,1
302810,2556,Arroyo Grande,CA,1168 W Branch St,Unique store number,0,1
2483291,4734,ARVADA,CO,9400 Ralston Rd,Unique store number,0,1
302686,160,Ash Flat,AR,219 Hwy 412,Unique store number,0,1
304115,1132,Asheboro,NC,1226 E Dixie Dr,Unique store number,0,1
832975,1317,Asheville,NC,125 Bleachery Blvd,Unique store number,0,1
894108,4428,Asheville,NC,1636 Hendersonville Rd,Unique store number,0,1
303576,1426,Ashland,KY,351 River Hill Dr,Unique store number,0,1
304400,1448,Ashland,OH,1996 E Main St,Unique store number,0,1
305265,1672,Ashland,WI,2500 Lake Shore Dr E,Unique store number,0,1
303577,2638,Ashland,KY,12504 Us Route 60,Unique store number,0,1
451293,2795,Ashland,VA,145 Hill Carter Pkwy,Unique store number,0,1
2219689,3880,Ashland,VA,9714 Sliding Hill Rd,Unique store number,0,1
304772,1226,Ashland City,TN,1626 Highway 12 S,Unique store number,0,1
304401,2359,Ashtabula,OH,3551 N Ridge Rd E,Unique store number,0,1
303524,1054,Atchison,KS,1920 Highway 73,Unique store number,0,1
303157,1400,Athens,GA,1911 Epps Bridge Pkwy,Unique store number,0,1
303158,2811,Athens,GA,4375 Lexington Rd,Unique store number,0,1
322253,3486,Athens,OH,929 E State St,Unique store number,0,1
304871,412,Athens,TX,1405 E Tyler St,Unique store number,0,1
2333639,5267,Athens,GA,3130 Atlanta Hwy,Unique store number,0,1
527626,661,Athens,AL,1011 Us Highway 72 E,Unique store number,0,1
304773,663,Athens,TN,1815 Decatur Pike,Unique store number,0,1
683225,3709,Atlanta,GA,2427 Gresham Rd SE,Unique store number,0,1
645180,3394,Atlantic,IA,1905 E 7th St,Unique store number,0,1
2151150,7247,Atmore,AL,911 N Main St,Unique store number,0,1
304495,232,Atoka,OK,1983 S Mississippi Ave,Unique store number,0,1
302607,316,Attalla,AL,973 Gilbert Ferry Rd SE,Unique store number,0,1
932301,5890,Atwater,CA,800 Commerce Ave,Unique store number,0,1
303442,1570,Auburn,IN,505 Touring Dr,Unique store number,0,1
304332,1830,Auburn,NY,297 Grant Ave,Unique store number,0,1
303804,1868,Auburn,ME,100 Mount Auburn Ave,Unique store number,0,1
942322,2385,Auburn,WA,762 Outlet Collection Way,Unique store number,0,1
302608,356,Auburn,AL,1717 S College St,Unique store number,0,1
2333627,4673,Auburn,AL,1810 Shug Jordan Pkwy,Unique store number,0,1
2333631,5062,Auburn,AL,2047 E University Dr,Unique store number,0,1
303008,718,Auburndale,FL,2120 Us Highway 92 W,Unique store number,0,1
670783,5047,Audubon,NJ,130 Black Horse Pike,Unique store number,0,1
303160,1227,AUGUSTA,GA,260 Bobby Jones Expy,Unique store number,0,1
303161,1293,AUGUSTA,GA,3209 Deans Bridge Rd,Unique store number,0,1
303805,2046,AUGUSTA,ME,201 Civic Center Dr,Unique store number,0,1
303525,346,AUGUSTA,KS,719 W 7th Ave,Unique store number,0,1
2104284,4144,Augusta,GA,3338 Wrightsboro Rd,Unique store number,0,1
2220308,4206,Augusta,GA,300 S Belair Rd,Unique store number,0,1
303443,1160,Aurora,IN,100 Sycamore Estates Dr,Unique store number,0,1
302934,1492,Aurora,CO,14000 E Exposition Ave,Unique store number,0,1
302935,1689,Aurora,CO,5650 S Chambers Rd,Unique store number,0,1
2311804,3740,Aurora,CO,21475 E Quincy Ave,Unique store number,0,1
2083143,4196,Aurora,CO,15240 E Iliff Ave,Unique store number,0,1
595454,5137,Aurora,CO,6101 S Aurora Pkwy,Unique store number,0,1
670775,5334,Aurora,CO,3301 Tower Rd,Unique store number,0,1
303928,92,Aurora,MO,3020 S Elliott Ave,Unique store number,0,1
303162,1586,Austell,GA,1133 E West Connector,Unique store number,0,1
304875,1129,AUSTIN,TX,13201 Ranch Road 620 N,Unique store number,0,1
304874,1185,AUSTIN,TX,1030 Norwood Park Blvd,Unique store number,0,1
304873,1253,AUSTIN,TX,710 E Ben White Blvd,Unique store number,0,1
304876,2133,AUSTIN,TX,5017 W Highway 290,Unique store number,0,1
488504,3569,AUSTIN,TX,12900 I 35 SVC Rd SB,Unique store number,0,1
821341,4257,Austin,MN,1000 18th Ave NW,Unique store number,0,1
895736,4554,Austin,TX,2525 W ANDERSON LN,Unique store number,0,1
646593,5317,Austin,TX,9300 S Interstate 35 Ste B,Unique store number,0,1
304402,2063,Youngstown,OH,6001 Mahoning Ave,Unique store number,0,1
303929,56,Ava,MO,1309 NW 12th Ave,Unique store number,0,1
302936,1199,Avon,CO,171 Yoder Ave,Unique store number,0,1
303731,2122,Avon,MA,30 Memorial Dr,Unique store number,0,1
513536,2786,Avon,IN,9500 E Us Highway 36,Unique store number,0,1
302975,2899,Avon,CT,255 W Main St,Unique store number,0,1
473236,5066,Avon,OH,35901 Chester Rd,Unique store number,0,1
824232,3887,Avon Park,FL,1041 Us Highway 27 N,Unique store number,0,1
302767,2554,Avondale,AZ,13055 W Rancho Santa Fe Blvd,Unique store number,0,1
680072,5359,Azle,TX,721 Boyd Rd,Unique store number,0,1
893648,2302,Barceloneta,PR,Carr. #2 Km. 56.6,Unique store number,0,1
303658,540,Morgan City,LA,973 Highway 90 E,Unique store number,0,1
670772,5239,BECHTELSVILLE,PA,567 Route 100 N,Unique store number,0,1
303331,1938,Chicago,IL,7050 S Cicero Ave,Unique store number,0,1
304885,1254,Waco,TX,1521 Interstate 35 N,Unique store number,0,1
1490966,4457,Bennettsville,SC,1250 Bennettsville Sq,Unique store number,0,1
2219683,3424,Birmingham,AL,2653 Valleydale Rd,Unique store number,0,1
864840,3485,Blairsville,GA,2257 Highway 515,Unique store number,0,1
513566,5356,Blairsville,PA,300 Resort Plaza Dr,Unique store number,0,1
451296,5076,Brewer,ME,24 Walton Dr,Unique store number,0,1
1448374,1188,Bridgeton,MO,11900 Saint Charles Rock Rd,Unique store number,0,1
684694,5384,Bridgeton,NJ,1130 Highway 77,Unique store number,0,1
305162,2089,Bristol,VA,13245 Lee Hwy,Unique store number,0,1
302977,2719,Bristol,CT,1400 Farmington Ave,Unique store number,0,1
304776,620,Bristol,TN,220 Century Blvd,Unique store number,0,1
304498,324,Bristow,OK,105 W Highway 16,Unique store number,0,1
304335,1993,Brockport,NY,6265 Brockport Spencerport Rd,Unique store number,0,1
303733,2904,Brockton,MA,700 Oak St,Unique store number,0,1
868659,4637,Broken Arrow,OK,3900 E Hillside Dr,Unique store number,0,1
303892,1864,Minneapolis,MN,8000 Lakeland Ave N,Unique store number,0,1
2151140,6394,Milwaukee,WI,6300 W Brown Deer Rd,Unique store number,0,1
764440,3407,Buckeye,AZ,1060 S Watson Rd,Unique store number,0,1
707508,3786,Buford,GA,3250 Sardis Church Rd,Unique store number,0,1
303828,1592,Bad Axe,MI,901 N Van Dyke Rd,Unique store number,0,1
2120194,4643,Baden,PA,1500 Economy Way,Unique store number,0,1
615607,5422,Bainbridge,GA,500 E Alice St,Unique store number,0,1
361846,3250,Aurora,OH,7235 Market Place Dr,Unique store number,0,1
303651,1102,Baker,LA,14507 Plank Rd,Unique store number,0,1
866917,1574,Bakersfield,CA,6225 Colony St,Unique store number,0,1
302812,1624,Bakersfield,CA,2601 Fashion Pl,Unique store number,0,1
302813,2557,Bakersfield,CA,8400 Rosedale Hwy,Unique store number,0,1
2278617,3138,Bakersfield,CA,5625 Calloway Dr,Unique store number,0,1
2434563,3139,Bakersfield,CA,1249 Allen Rd,Unique store number,0,1
2151097,3140,Bakersfield,CA,3111 N Chester Ave,Unique store number,0,1
2278611,3141,Bakersfield,CA,5037 E Brundage Ln,Unique store number,0,1
879978,5134,Bakersfield,CA,5075 Gosford Rd,Unique store number,0,1
304877,1118,Balch Springs,TX,12300 Lake June Rd,Unique store number,0,1
533866,3522,Baldwin Park,CA,3250 Big Dalton Ave,Unique store number,0,1
304878,1078,Ballinger,TX,2005 Hutchins Ave,Unique store number,0,1
473234,3481,Middle River,MD,112 Carroll Island Rd,Unique store number,0,1
861011,1856,Bangor,ME,900 Stillwater Ave,Unique store number,0,1
561043,5296,Barboursville,WV,25 Nichols Dr,Unique store number,0,1
303578,1189,Barbourville,KY,301 Parkway Plz,Unique store number,0,1
303579,729,BARDSTOWN,KY,3795 E John Rowan Blvd,Unique store number,0,1
304706,795,Barnwell,SC,11391 Dunbarton Blvd,Unique store number,0,1
302814,1879,Barstow,CA,301 Montara Rd,Unique store number,0,1
304496,41,Bartlesville,OK,4000 SE Green Country Rd,Unique store number,0,1
303009,580,Bartow,FL,1050 E Van Fleet Dr,Unique store number,0,1
304879,1042,Bastrop,TX,488 Highway 71 W,Unique store number,0,1
303652,98,Bastrop,LA,6091 Mer Rouge Rd,Unique store number,0,1
304333,2088,Batavia,NY,4133 Veterans Memorial Dr,Unique store number,0,1
670785,5352,Batavia,IL,801 N Randall Rd,Unique store number,0,1
760317,4420,Leesville,SC,115 E Church St,Unique store number,0,1
302688,119,Batesville,AR,3150 Harrison St,Unique store number,0,1
312428,1468,Batesville,MS,205 House Carlson Dr,Unique store number,0,1
303657,1206,Baton Rouge,LA,3132 College Dr,Unique store number,0,1
303655,1266,Baton Rouge,LA,2171 Oneal Ln,Unique store number,0,1
303656,2132,Baton Rouge,LA,10606 N Mall Dr,Unique store number,0,1
303653,3288,Baton Rouge,LA,10200 Sullivan Rd,Unique store number,0,1
773980,4659,Baton Rouge,LA,5255 Highland Rd,Unique store number,0,1
935430,4683,Baton Rouge,LA,10550 Burbank Dr,Unique store number,0,1
773982,5327,Baton Rouge,LA,9830 Old Hammond Hwy,Unique store number,0,1
513532,5328,Baton Rouge,LA,14241 COURSEY BLVD,Unique store number,0,1
2345901,7233,Baton Rouge,LA,11825 Hooper Rd,Unique store number,0,1
2311791,7262,Baton Rouge,LA,11550 Coursey Blvd,Unique store number,0,1
303654,839,Baton Rouge,LA,9350 Cortana Pl,Unique store number,0,1
476719,2080,Battle Creek,MI,6020 B Dr N,Unique store number,0,1
2120196,5929,Battle Ground,WA,1201 SW 13th Ave,Unique store number,0,1
615604,5392,Baxley,GA,980 W Parker St,Unique store number,0,1
303887,1654,Baxter,MN,7295 Glory Rd,Unique store number,0,1
304880,1405,BAY CITY,TX,4600 7th St,Unique store number,0,1
303830,1752,BAY CITY,MI,3921 Wilder Rd,Unique store number,0,1
302609,2739,Bay Minette,AL,701 Mcmeans Ave,Unique store number,0,1
506850,2501,Bayamon,,,Unmatched,,0
1101284,5867,Bayonne,NJ,500 Bayonne Crossing Way,Unique store number,0,1
897368,194,Baytown,TX,4900 Garth Rd,Unique store number,0,1
2151091,2439,Baytown,TX,8700 N Highway 146,Unique store number,0,1
845282,1451,Beardstown,IL,100 Lincoln Ave,Unique store number,0,1
304217,2784,Beatrice,NE,3620 N 6th St,Unique store number,0,1
304707,1383,Beaufort,SC,350 Robert Smalls Pkwy,Unique store number,0,1
2449626,7181,Beaufort,SC,265 Sea Island Pkwy,Unique store number,0,1
683229,5156,Beaumont,CA,1540 E 2nd St,Unique store number,0,1
304882,651,Beaumont,TX,4145 Dowlen Rd,Unique store number,0,1
305266,1012,Beaver Dam,WI,120 Frances Ln,Unique store number,0,1
303580,333,Beaver Dam,KY,1701 N Main St,Unique store number,0,1
2103648,3050,Beaverton,OR,9055 SW Murray Blvd,Unique store number,0,1
1406456,5993,Beaverton,OR,17275 NW Cornell Rd,Unique store number,0,1
305328,1351,Beckley,WV,1330 N Eisenhower Dr,Unique store number,0,1
303444,1026,Bedford,IN,3200 John Williams Blvd,Unique store number,0,1
304883,1178,Bedford,TX,4101 Hwy 121,Unique store number,0,1
305158,1399,Bedford,VA,1126 E Lynchburg Salem Tpke,Unique store number,0,1
616743,3392,Bedford,TX,2108 Bedford Rd,Unique store number,0,1
1947866,4168,Beebe,AR,2003 W Center St,Unique store number,0,1
832024,463,BEEVILLE,TX,502 E Fm 351,Unique store number,0,1
523923,1414,Belen,NM,1 I 25 Bypass,Unique store number,0,1
304599,2420,Belle Vernon,PA,100 Sara Way,Unique store number,0,1
304404,1264,Bellefontaine,OH,2281 Us Highway 68 S,Unique store number,0,1
897380,201,Belleville,IL,2608 Green Mount Commons Dr,Unique store number,0,1
304218,2847,Bellevue,NE,10504 S 15th St,Unique store number,0,1
1406465,3098,Bellevue,WA,15063 Main St,Unique store number,0,1
1824973,3154,Bellevue,NE,2109 Towne Centre Dr,Unique store number,0,1
303732,1918,BELLINGHAM,MA,250 Hartford Ave,Unique store number,0,1
305231,2450,BELLINGHAM,WA,4420 Meridian St,Unique store number,0,1
704472,5085,Belmont,NC,701 Hawley Ave,Unique store number,0,1
305267,2532,Beloit,WI,2785 Milwaukee Rd,Unique store number,0,1
304886,1232,Belton,TX,2604 N Main St,Unique store number,0,1
553972,3597,BELVIDERE,IL,2101 Gateway Center Dr,Unique store number,0,1
303888,3233,Bemidji,MN,2025 Paul Bunyan Dr NW,Unique store number,0,1
895734,4509,Fort Worth,TX,8840 Benbrook Blvd,Unique store number,0,1
304570,2075,Bend,OR,20120 Pinebrook Blvd,Unique store number,0,1
305225,2289,Bennington,VT,210 Northside Dr,Unique store number,0,1
2303790,5131,Feasterville Trevose,PA,3461 Horizon Blvd,Unique store number,0,1
745552,3807,Benson,AZ,201 S Prickly Pear Ave,Unique store number,0,1
303581,143,Benton,KY,310 W 5th St,Unique store number,0,1
303333,262,Benton,IL,919 Giacone Dr,Unique store number,0,1
302689,85,Benton,AR,17309 Interstate 30 S,Unique store number,0,1
303832,2062,BENTON HARBOR,MI,1400 Mall Dr,Unique store number,0,1
302690,100,Bentonville,AR,406 S Walton Blvd,Unique store number,0,1
2208404,2686,Bentonville,AR,1703 E Central Ave,Unique store number,0,1
305445,2741,Bentonville,AR,3510 SE 14th St,Unique store number,0,1
2311798,3164,Bentonville,AR,205 N Main St,Unique store number,0,1
2277582,4376,Bentonville,AR,1400 N Walton Blvd,Unique store number,0,1
2129445,4686,Bentonville,AR,906 SW Regional Airport Blvd,Unique store number,0,1
2151156,6953,Bentonville,AR,1800 E Centerton Blvd,Unique store number,0,1
303582,1190,Berea,KY,120 Jill Dr,Unique store number,0,1
1412772,1727,Berlin,WI,861 County Rd F,Unique store number,0,1
304287,1807,West Berlin,NJ,265 N Route 73,Unique store number,0,1
303772,2560,Berlin,MD,11416 Ocean Gtwy,Unique store number,0,1
305226,2682,Montpelier,VT,282 Berlin Mall Rd Ste 1,Unique store number,0,1
787637,3731,Bernalillo,NM,460 Highway 528,Unique store number,0,1
302691,76,Berryville,AR,1000 W Trimble Ave,Unique store number,0,1
302610,764,Bessemer,AL,750 Academy Dr,Unique store number,0,1
896847,834,Bethany,MO,810 S 37th St,Unique store number,0,1
554000,5381,Bethel Park,PA,5055 Library Rd,Unique store number,0,1
304600,3563,Bethlehem,PA,3926 Linden St,Unique store number,0,1
2108567,2153,Biddeford,ME,50 Boulder Way,Unique store number,0,1
303833,1719,Big Rapids,MI,21400 Perry Ave,Unique store number,0,1
304887,513,Big Spring,TX,201 W Marcy Dr,Unique store number,0,1
304101,1956,Billings,MT,2525 King Ave W,Unique store number,0,1
304102,2923,Billings,MT,1649 Main St,Unique store number,0,1
1403998,1088,Biloxi,MS,2681 C T Switzer Sr Dr,Unique store number,0,1
2360417,4586,Biloxi,MS,1820 Popps Ferry Rd Ste A,Unique store number,0,1
2219701,6849,Biloxi,MS,2050 Pass Rd,Unique store number,0,1
302601,1158,Birmingham,AL,2473 Hackworth Rd,Unique store number,0,1
302645,1711,Birmingham,AL,1600 Montclair Rd,Unique store number,0,1
302640,2111,Birmingham,AL,5335 Highway 280,Unique store number,0,1
302679,2713,Birmingham,AL,5919 Trussville Crossings Pkwy,Unique store number,0,1
764454,4504,Birmingham,AL,312 Palisades Blvd,Unique store number,0,1
466459,5100,Birmingham,AL,1916 Center Point Pkwy,Unique store number,0,1
302611,762,Birmingham,AL,9248 Parkway E,Unique store number,0,1
304118,2908,Biscoe,NC,201 Montgomery Xing,Unique store number,0,1
304209,1534,Bismarck,ND,2717 Rock Island Pl,Unique store number,0,1
684690,3648,Bismarck,ND,1400 Skyline Blvd,Unique store number,0,1
305269,1277,Black River Falls,WI,611 State Highway 54,Unique store number,0,1
303312,1905,Blackfoot,ID,565 Jensen Grove Dr,Unique store number,0,1
305160,2645,Blackstone,VA,1451 S Main St,Unique store number,0,1
304497,136,Blackwell,OK,1219 W Doolin Ave,Unique store number,0,1
303889,3498,Circle Pines,MN,4369 Ball Rd NE,Unique store number,0,1
1947882,5976,Minneapolis,MN,11505 Ulysses St NE,Unique store number,0,1
1339468,4568,Blair,NE,1882 Holly St,Unique store number,0,1
303334,1553,Bloomingdale,IL,314 W Army Trail Rd,Unique store number,0,1
303445,1991,Bloomington,IN,3313 W State Road 45,Unique store number,0,1
303890,2198,Minneapolis,MN,700 American Blvd E,Unique store number,0,1
330583,3459,Bloomington,IL,2225 W Market St,Unique store number,0,1
304601,1794,Bloomsburg,PA,100 Lunger Dr,Unique store number,0,1
2143557,5812,Blue Ridge,GA,97 Commerce Dr,Unique store number,0,1
303931,184,Blue Springs,MO,600 NE Coronado,Unique store number,0,1
1936459,5149,Blue Springs,MO,1700 N 7 Hwy,Unique store number,0,1
305161,1763,Bluefield,VA,4001 College Ave,Unique store number,0,1
303446,2819,Bluffton,IN,2100 N MAIN ST,Unique store number,0,1
2438922,6395,Bluffton,SC,4 Bluffton Rd,Unique store number,0,1
302692,62,Blytheville,AR,3700 E Highway 18,Unique store number,0,1
787689,4506,Columbia,SC,321 Killian Rd,Unique store number,0,1
302612,298,Boaz,AL,1972 Us Highway 431,Unique store number,0,1
2151104,3858,Boca Raton,FL,22100 State Road 7,Unique store number,0,1
322261,1126,Boerne,TX,1381 S Main St Ste 101,Unique store number,0,1
1825246,803,BOGALUSA,LA,401 Ontario Ave,Unique store number,0,1
304708,2806,Boiling Springs,SC,4000 Highway 9,Unique store number,0,1
303313,2508,Boise,ID,8300 W Overland Rd,Unique store number,0,1
2003975,3094,Boise,ID,3233 N Cole Rd,Unique store number,0,1
303335,1596,Bolingbrook,IL,200 S Bolingbrook Dr,Unique store number,0,1
303932,46,Bolivar,MO,2451 S Springfield Ave,Unique store number,0,1
304775,466,Bolivar,TN,1604 W Market St,Unique store number,0,1
304889,158,Bonham,TX,2021 N State Highway 121,Unique store number,0,1
303527,486,Bonner Springs,KS,12801 Kansas Ave,Unique store number,0,1
2108606,5041,Bonney Lake,WA,19205 State Route 410 E,Unique store number,0,1
1825247,1389,Boone,IA,1515 SE Marshall St,Unique store number,0,1
304119,2496,Boone,NC,200 Watauga Village Dr,Unique store number,0,1
304043,114,Booneville,MS,300 Walmart Cir,Unique store number,0,1
2303762,55,Booneville,AR,1400 E Main St,Unique store number,0,1
544535,5077,Boonton,NJ,300 Wootton St,Unique store number,0,1
303447,566,Boonville,IN,1115 American Way,Unique store number,0,1
303933,820,Boonville,MO,2150 Main St,Unique store number,0,1
304602,3252,Marcus Hook,PA,605 Conchester Hwy,Unique store number,0,1
304890,1516,Borger,TX,1501 Roosevelt St,Unique store number,0,1
2221275,3752,Bossier City,LA,5700 Shed Rd,Unique store number,0,1
303660,376,Bossier City,LA,2536 Airline Dr,Unique store number,0,1
2311832,5204,Bossier City,LA,4000 Barksdale Blvd,Unique store number,0,1
787652,4569,Bottineau,ND,912 11th St E,Unique store number,0,1
787699,1307,Bourbonnais,IL,2080 N State Route 50,Unique store number,0,1
303661,2913,Boutte,LA,13001 Highway 90,Unique store number,0,1
303773,1893,Bowie,MD,3300 Crain Hwy,Unique store number,0,1
304891,271,Bowie,TX,1341 Highway 287 N,Unique store number,0,1
871706,145,Bowling Green,MO,3 Town Center Dr,Unique store number,0,1
304405,1913,Bowling Green,OH,131 W Gypsy Lane Rd,Unique store number,0,1
303583,299,Bowling Green,KY,150 Walton Ave,Unique store number,0,1
595458,5236,Bowling Green,KY,1201 Morgantown Rd,Unique store number,0,1
303011,2789,Boynton Beach,FL,3200 Old Boynton Rd,Unique store number,0,1
1824039,3011,Boynton Beach,FL,9840 S Military Trl,Unique store number,0,1
1101297,5911,Boynton Beach,FL,3625 S Federal Hwy,Unique store number,0,1
304103,2084,Bozeman,MT,1500 N 7th Ave,Unique store number,0,1
303013,1004,Bradenton,FL,5315 Cortez Rd W,Unique store number,0,1
544528,3474,Bradenton,FL,6225 E State Road 64,Unique store number,0,1
303012,528,Bradenton,FL,2911 53rd Ave E,Unique store number,0,1
1339464,5727,Bradenton,FL,5810 Ranch Lake Blvd,Unique store number,0,1
2356064,7307,Bradenton,FL,4536 53rd Ave E,Unique store number,0,1
304603,3514,Bradford,PA,50 Foster Brook Blvd,Unique store number,0,1
304892,917,Brady,TX,2207 S Bridge St,Unique store number,0,1
303015,2387,Brandon,FL,11110 Causeway Blvd,Unique store number,0,1
322252,3463,Brandon,FL,1208 E Brandon Blvd,Unique store number,0,1
1224196,5826,Brandon,FL,901 Lithia Pinecrest Rd,Unique store number,0,1
302976,2232,Branford,CT,120 Commercial Pkwy,Unique store number,0,1
303934,32,Branson,MO,2050 W 76 Country Blvd,Unique store number,0,1
820534,4381,Branson,MO,1101 Branson Hills Pkwy,Unique store number,0,1
303935,2175,Reeds Spring,MO,18401 State Highway 13,Unique store number,0,1
824233,5335,Brawley,CA,250 Wildcat Dr,Unique store number,0,1
303448,1629,BRAZIL,IN,2150 E National Ave,Unique store number,0,1
302815,2523,Brea,CA,2595 E Imperial Hwy,Unique store number,0,1
303662,402,Breaux Bridge,LA,1932 Rees St,Unique store number,0,1
304893,438,Breckenridge,TX,3800 W Walker St,Unique store number,0,1
303163,856,Bremen,GA,404 Us Highway 27 Byp,Unique store number,0,1
305232,2317,Bremerton,WA,6797 State Highway 303 NE,Unique store number,0,1
304894,321,Brenham,TX,203 Highway 290 W,Unique store number,0,1
302613,425,Brent,AL,10675 Highway 5,Unique store number,0,1
832027,1620,Brewton,AL,2578 Douglas Ave,Unique store number,0,1
304261,1977,Brick,NJ,1872 Route 88,Unique store number,0,1
304895,283,Bridge City,TX,795 Texas Ave,Unique store number,0,1
303337,1779,Bridgeview,IL,10260 S Harlem Ave,Unique store number,0,1
302937,1659,Brighton,CO,60 W Bromley Ln,Unique store number,0,1
361847,3295,Broken Arrow,OK,6310 S Elm Pl,Unique store number,0,1
305452,3508,Broken Arrow,OK,1770 S Elm Pl,Unique store number,0,1
2333624,4655,Broken Arrow,OK,1300 E Albany St,Unique store number,0,1
304499,472,Broken Arrow,OK,2301 W Kenosha St,Unique store number,0,1
2208238,6942,Broken Arrow,OK,4851 W Houston St,Unique store number,0,1
304500,117,Broken Bow,OK,501 S Park Dr,Unique store number,0,1
303936,203,Brookfield,MO,937 Park Circle Dr,Unique store number,0,1
304044,816,Brookhaven,MS,960 Brookway Blvd,Unique store number,0,1
304763,1538,Brookings,SD,2233 6th St,Unique store number,0,1
2013816,5777,Brooklyn,CT,450 Providence Rd,Unique store number,0,1
303016,1213,Brooksville,FL,13300 Cortez Blvd,Unique store number,0,1
338833,3526,Brooksville,FL,7305 Broad St,Unique store number,0,1
880543,4288,Broomfield,CO,4651 W 121st Ave,Unique store number,0,1
553981,5341,Broomfield,CO,500 Summit Blvd,Unique store number,0,1
826927,415,Broussard,LA,123 Saint Nazaire Rd,Unique store number,0,1
303449,2788,Brownsburg,IN,400 W Northfield Dr,Unique store number,0,1
304898,1000,Brownsville,TX,2721 Boca Chica Blvd,Unique store number,0,1
2220370,4112,Brownsville,TX,2205 E Ruben Torres Blvd,Unique store number,0,1
304897,456,Brownsville,TX,3500 W Alton Gloor Blvd,Unique store number,0,1
304777,64,Brownsville,TN,1100 S Dupree Ave,Unique store number,0,1
304899,813,Brownwood,TX,401 W Commerce St,Unique store number,0,1
303808,1939,Brunswick,ME,15 Tibbetts Dr,Unique store number,0,1
2303793,2840,Brunswick,GA,11 Glynn Plz,Unique store number,0,1
303164,639,Brunswick,GA,150 Altama Connector,Unique store number,0,1
304407,2191,Bryan,OH,1215 S Main St,Unique store number,0,1
304900,322,Bryan,TX,2200 Briarcrest Dr,Unique store number,0,1
2090563,4183,Bryan,TX,643 N Harvey Mitchell Pkwy,Unique store number,0,1
302695,3230,Bryant,AR,400 Bryant Ave,Unique store number,0,1
305329,2809,Buckhannon,WV,100 Buckhannon Cross Rds,Unique store number,0,1
304408,2613,Bucyrus,OH,1875 E Mansfield St,Unique store number,0,1
705116,4219,BUDA,TX,690 Old San Antonio Rd,Unique store number,0,1
399729,5032,Buena Park,CA,8450 La Palma Ave,Unique store number,0,1
303893,1577,Buffalo,MN,1315 Highway 25 N,Unique store number,0,1
303937,845,Buffalo,MO,1250 W Dallas St Ste F,Unique store number,0,1
303165,1314,Buford,GA,3795 Buford Dr,Unique store number,0,1
302768,1370,BULLHEAD CITY,AZ,2840 Highway 95,Unique store number,0,1
2360419,5686,Burbank,CA,1301 N Victory Pl,Unique store number,0,1
2258610,7243,Burgaw,NC,908 Nc Highway 53 E,Unique store number,0,1
499079,5227,Burke,VA,6000 Burke Commons Rd,Unique store number,0,1
304902,220,Burleson,TX,951 SW Wilshire Blvd,Unique store number,0,1
2220458,3653,Burleson,TX,965 NW John Jones Dr,Unique store number,0,1
303314,1900,Burley,ID,385 N Overland Ave,Unique store number,0,1
304121,1287,Burlington,NC,3141 Garden Rd,Unique store number,0,1
304262,2040,Burlington,NJ,2106 Mount Holly Rd,Unique store number,0,1
513541,3488,Burlington,WI,1901 Milwaukee Ave,Unique store number,0,1
684689,3612,Burlington,NC,530 S Graham Hopedale Rd,Unique store number,0,1
1797929,5977,Burnsville,MN,12200 River Ridge Blvd,Unique store number,0,1
303834,2273,Burton,MI,5323 E Court St N,Unique store number,0,1
303017,959,Bushnell,FL,2163 W C 48,Unique store number,0,1
304604,1885,Butler,PA,400 Butler Cmns,Unique store number,0,1
303938,888,Butler,MO,400 S Fran Ave,Unique store number,0,1
304104,1901,Butte,MT,3901 Harrison Ave,Unique store number,0,1
2333431,6469,Byram,MS,131 Handley Blvd,Unique store number,0,1
302696,2587,Cabot,AR,304 S Rockwood Dr,Unique store number,0,1
2208410,6975,Cabot,AR,1203 S Pine St,Unique store number,0,1
303774,1981,California,MD,45485 Miramar Way,Unique store number,0,1
821396,5802,Canovanas,PR,Wm Sc Plaza Canovanas 5802,Unique store number,0,1
652039,5451,Cape Coral,FL,3920 Skyline Blvd,Unique store number,0,1
764458,5453,Cape Coral,FL,505 SW Pine Island Rd,Unique store number,0,1
2388306,6941,Cape Coral,FL,2020 Ne Pine Island Rd,Unique store number,0,1
303019,819,Cape Coral,FL,1619 Del Prado Blvd S,Unique store number,0,1
963587,334,CARLINVILLE,IL,18600 Shipman Blacktop Rd,Unique store number,0,1
304296,868,Carlsbad,NM,2401 S Canal St,Unique store number,0,1
1798012,5981,Carmichael,CA,6005 Madison Ave,Unique store number,0,1
676779,3408,Carson City,NV,3200 Market St,Unique store number,0,1
304122,2247,Cary,NC,2010 Kildaire Farm Rd,Unique store number,0,1
1947843,2414,Cary,NC,973 N Harrison Ave,Unique store number,0,1
1797424,4157,Cary,NC,2750 Nc 55 Hwy,Unique store number,0,1
305356,1617,Casper,WY,4400 E 2nd St,Unique store number,0,1
705114,3778,Casper,WY,4255 Cy Ave,Unique store number,0,1
2360418,5378,Cayce,SC,1355 Knox Abbott Dr,Unique store number,0,1
506200,2721,Cayey,PR,8000 Ave Jesus T Pinero Ste 102,Unique store number,0,1
844329,4689,Pleasant Grove,UT,4689 W Cedar Hills Dr,Unique store number,0,1
304910,364,Center,TX,765 Hurst St,Unique store number,0,1
304411,1503,Dayton,OH,6244 Wilmington Pike,Unique store number,0,1
1567506,1621,Centerville,IA,23148 Highway 5,Unique store number,0,1
766602,3366,Centerville,UT,221 W Parrish Ln,Unique store number,0,1
322247,2911,Central Square,NY,3018 East Ave,Unique store number,0,1
303344,1395,Centralia,IL,1212 W Mccord St,Unique store number,0,1
302818,1983,Ceres,CA,3960 Mitchell Rd,Unique store number,0,1
304219,2579,Chadron,NE,510 Linden St,Unique store number,0,1
769980,909,Chalmette,LA,8101 W Judge Perez Dr,Unique store number,0,1
746316,3621,Atlanta,GA,1871 Chamblee Tucker Rd,Unique store number,0,1
303346,612,Charleston,IL,2250 Lincoln Ave,Unique store number,0,1
706598,3659,Chattanooga,TN,501 Signal Mountain Rd,Unique store number,0,1
787656,340,Checotah,OK,131 S Paul Carr Dr,Unique store number,0,1
305233,2249,Chehalis,WA,1601 NW Louisiana Ave,Unique store number,0,1
303734,2903,Chelmsford,MA,66 Parkhurst Rd,Unique store number,0,1
615601,5340,Cherry Hill,NJ,500 Route 38,Unique store number,0,1
305166,1524,Chester,VA,12000 Iron Bridge Rd,Unique store number,0,1
304712,1603,Chester,SC,1691 J A Cochran Byp,Unique store number,0,1
303347,352,Chester,IL,2206 State St,Unique store number,0,1
303945,2600,Chesterfield,MO,100 Thf Blvd,Unique store number,0,1
303839,2692,New Baltimore,MI,45400 Marketplace Blvd,Unique store number,0,1
864837,4476,Chesterfield,VA,14501 Hancock Village St,Unique store number,0,1
706604,5402,Chicago,IL,4650 W North Ave,Unique store number,0,1
303316,1995,Pocatello,ID,4240 Yellowstone Ave,Unique store number,0,1
304414,1521,Cincinnati,OH,8451 Colerain Ave,Unique store number,0,1
304415,2250,Cincinnati,OH,4000 Red Bank Rd,Unique store number,0,1
304418,2447,Cincinnati,OH,2322 Ferguson Rd,Unique store number,0,1
760314,3749,Cincinnati,OH,2801 Cunningham Rd,Unique store number,0,1
801456,4609,Cincinnati,OH,10240 Colerain Ave,Unique store number,0,1
304417,1441,Mason,OH,5303 Bowen Dr,Unique store number,0,1
361839,2871,Riverton,NJ,2501 Route 130 S,Unique store number,0,1
865411,2006,Clarkston,WA,306 5th St,Unique store number,0,1
302771,1334,Claypool,AZ,100 S Ragus Rd,Unique store number,0,1
303173,2753,Clayton,GA,1455 Highway 441 S,Unique store number,0,1
460175,5046,Clayton,NC,805 Town Centre Blvd,Unique store number,0,1
304047,1530,Cleveland,MS,710 N Davis Ave,Unique store number,0,1
304505,207,Cleveland,OK,772 N Airport Rd,Unique store number,0,1
304406,2073,Cleveland,OH,10000 Brookpark Rd,Unique store number,0,1
304914,249,Cleveland,TX,831 Highway 59 S,Unique store number,0,1
767148,4285,Cleveland,OH,3400 Steelyard Dr,Unique store number,0,1
879960,4616,Cleveland,GA,260 Donald E Thurmond Pkwy,Unique store number,0,1
513565,5263,Cleveland,TN,2300 Treasury Dr SE,Unique store number,0,1
304785,698,Cleveland,TN,4495 Keith St NW,Unique store number,0,1
706601,4243,Clio,MI,11493 N Linden Rd,Unique store number,0,1
302825,2277,Clovis,CA,323 W Shaw Ave,Unique store number,0,1
1824966,5337,Clovis,CA,1185 Herndon Ave,Unique store number,0,1
2083105,5633,Clovis,CA,1830 Shaw Ave,Unique store number,0,1
304297,821,Clovis,NM,3728 N Prince St,Unique store number,0,1
2108574,2481,Coal Township,PA,9300 Hwy 61 S,Unique store number,0,1
798825,2577,COCKEYSVILLE,MD,1 Frankel Way,Unique store number,0,1
303120,174,Cocoa,FL,2700 Clearlake Rd,Unique store number,0,1
305358,1778,Cody,WY,321 Yellowstone Ave,Unique store number,0,1
746309,3401,Atlanta,GA,6149 Old National Hwy,Unique store number,0,1
305168,1424,Colonial Heights,VA,671 Southpark Blvd,Unique store number,0,1
706599,4216,Columbus,IN,2025 Merchant Mile,Unique store number,0,1
304917,240,Commerce,TX,2701 State Highway 50,Unique store number,0,1
303841,2618,Walled Lake,MI,3301 N Pontiac Trl,Unique store number,0,1
303176,3,Commerce,GA,30983 Highway 441 S,Unique store number,0,1
304130,1027,Concord,NC,150 Concord Commons Pl SW,Unique store number,0,1
304241,2055,Concord,NH,344 Loudon Rd,Unique store number,0,1
861016,4574,Concord,NC,5825 Thunder Rd,Unique store number,0,1
2151144,6586,Concord,NC,3905 Concord Pkwy S,Unique store number,0,1
303531,1282,Concordia,KS,140 E College Dr,Unique store number,0,1
304051,105,Corinth,MS,2301 S Harper Rd,Unique store number,0,1
302944,966,CORTEZ,CO,1835 E Main St,Unique store number,0,1
1831101,3146,Corvallis,OR,1840 NW 9th St,Unique store number,0,1
703950,5486,Country Club Hills,IL,4005 167th St,Unique store number,0,1
305169,2662,Covington,VA,313 Thacker Ave,Unique store number,0,1
1824045,3042,Covington,LA,2800 N Highway 190,Unique store number,0,1
1339456,4558,Covington,GA,4200 Salem Rd,Unique store number,0,1
897372,459,Covington,GA,10300 Industrial Blvd NE,Unique store number,0,1
615587,5073,Kent,WA,17432 SE 270th Pl,Unique store number,0,1
303665,541,Covington,LA,880 N Highway 190,Unique store number,0,1
304789,93,Covington,TN,201 Lanny Bridges Ave,Unique store number,0,1
304696,1873,Cranston,RI,1776 Plainfield Pike,Unique store number,0,1
303457,1655,Crawfordsville,IN,1835 S Us Highway 231,Unique store number,0,1
303028,944,Crestview,FL,3351 S Ferdon Blvd,Unique store number,0,1
305344,2576,Charleston,WV,100 Nitro Market Pl,Unique store number,0,1
305170,2136,Culpeper,VA,801 James Madison Hwy,Unique store number,0,1
303589,591,Cynthiana,KY,805 Us Highway 27 S,Unique store number,0,1
2333674,4465,Cypress,TX,11425 Barker Cypress Rd,Unique store number,0,1
533861,5091,Cypress,TX,26270 Northwest Fwy,Unique store number,0,1
4346690,6930,Cypress,TX,8927 Fry Rd,Unique store number,0,1
2303795,7357,Cypress,TX,8208 Barker Cypress Rd,Unique store number,0,1
303835,1432,Cadillac,MI,8917 E 34 Rd,Unique store number,0,1
680123,2449,Caguas,PR,301 Ave Rafael Cordero,Unique store number,0,1
303166,858,Cairo,GA,361 8th Ave NE,Unique store number,0,1
1100975,2178,Calais,ME,379 South St,Unique store number,0,1
303315,2780,Caldwell,ID,5108 Cleveland Blvd,Unique store number,0,1
2388297,4494,Caldwell,ID,622 E Ustick Rd,Unique store number,0,1
304903,567,Caldwell,TX,475 State Highway 36 N,Unique store number,0,1
302615,3271,Calera,AL,5100 Highway 31,Unique store number,0,1
302816,1859,Calexico,CA,2540 Rockwood Ave,Unique store number,0,1
303167,1215,Calhoun,GA,450 W Belmont Dr,Unique store number,0,1
2083129,5664,Camarillo,CA,275 W Ventura Blvd,Unique store number,0,1
303775,2272,Cambridge,MD,2775 Dorchester Sq,Unique store number,0,1
303894,2352,Cambridge,MN,2101 2nd Ave SE,Unique store number,0,1
304409,3262,Cambridge,OH,61205 Southgate Rd,Unique store number,0,1
820535,4417,Camby,IN,8191 Upland Way,Unique store number,0,1
2108556,171,Camden,AR,950 California Ave SW,Unique store number,0,1
377794,5039,Camden Wyoming,DE,263 Walmart Dr,Unique store number,0,1
304709,634,Camden,SC,2240 W Dekalb St,Unique store number,0,1
304778,738,Camden,TN,2200 Highway 641 N,Unique store number,0,1
2108616,89,Camdenton,MO,94 Cecil St,Unique store number,0,1
303940,109,Cameron,MO,2000 N Walnut St,Unique store number,0,1
2386011,6958,Cameron,NC,2800 Nc 24 87,Unique store number,0,1
1816132,843,Camilla,GA,165 US Highway 19 S,Unique store number,0,1
304337,2581,Camillus,NY,5399 W Genesee St,Unique store number,0,1
2151131,5888,Camp Hill,PA,3400 Hartzdale Dr,Unique store number,0,1
303584,665,Campbellsville,KY,725 Campbellsville Byp,Unique store number,0,1
523889,5184,Canal Winchester,OH,6674 Winchester Blvd,Unique store number,0,1
304338,1673,Canandaigua,NY,4238 Recreation Dr,Unique store number,0,1
302938,1019,Canon City,CO,3105 E Us Highway 50,Unique store number,0,1
303339,1713,Canton,IL,2071 N Main St,Unique store number,0,1
2083152,3059,Canton,MS,244 Feather Ln,Unique store number,0,1
326850,3476,Canton,MI,39500 Ford Rd,Unique store number,0,1
303169,518,Canton,GA,1550 Riverstone Pkwy,Unique store number,0,1
595462,5285,Canton,OH,3200 Atlantic Blvd NE,Unique store number,0,1
645183,5410,Canton,OH,4004 Tuscarawas St W,Unique store number,0,1
895739,5761,Canton,MI,45555 Michigan Ave,Unique store number,0,1
304904,827,Canton,TX,603 E Highway 243,Unique store number,0,1
304905,793,Canyon,TX,1701 N 23rd St,Unique store number,0,1
303941,188,Cape Girardeau,MO,3439 William St,Unique store number,0,1
2219706,7072,Cape Girardeau,MO,2021 Independence St,Unique store number,0,1
303340,196,Carbondale,IL,1450 E Main St,Unique store number,0,1
2449627,7301,Carencro,LA,3810 NE Evangeline Trwy,Unique store number,0,1
322245,2574,Carlisle,PA,60 Noble Blvd,Unique store number,0,1
861017,436,Carlyle,IL,2591 12th St,Unique store number,0,1
303450,1601,Carmel,IN,2001 E 151st St,Unique store number,0,1
303343,833,Carmi,IL,1344 IL Highway 1,Unique store number,0,1
595452,5040,Carnegie,PA,2200 Washington Pike,Unique store number,0,1
303836,1798,Caro,MI,1121 E Caro Rd,Unique store number,0,1
506150,2423,Carolina,,,Unmatched,,0
2360433,1531,Carpentersville,IL,365 Lake Marian Rd,Unique store number,0,1
304906,1046,Carrizo Springs,TX,2214 N 1st St,Unique store number,0,1
787655,1787,Carroll,IA,2014 Kitttyhawk Rd,Unique store number,0,1
304907,1216,Carrollton,TX,1213 E Trinity Mills Rd,Unique store number,0,1
303585,2968,Carrollton,KY,200 Floyd Dr,Unique store number,0,1
1798008,3198,Carrollton,TX,4025 Old Denton Rd,Unique store number,0,1
303170,722,Carrollton,GA,1735 S Park St,Unique store number,0,1
2151128,5602,Carson,CA,20226 Avalon Blvd,Unique store number,0,1
322265,1648,Carson City,NV,3770 Us Highway 395 S,Unique store number,0,1
303171,615,Cartersville,GA,101 Market Place Blvd,Unique store number,0,1
303942,13,Carthage,MO,2705 Grand Ave,Unique store number,0,1
304045,305,Carthage,MS,905 Highway 16 W,Unique store number,0,1
304908,523,Carthage,TX,4609 NW Loop 436,Unique store number,0,1
787654,568,Carthage,TN,125 Myers St,Unique store number,0,1
302769,1218,Casa Grande,AZ,1741 E Florence Blvd,Unique store number,0,1
1100970,943,Casselberry,FL,1239 State Road 436 Ste 101,Unique store number,0,1
303944,914,Cassville,MO,1401 Old Exeter Rd,Unique store number,0,1
2108617,984,Castle Rock,CO,133 Sam Walton Ln,Unique store number,0,1
2449632,4102,Castroville,TX,1151 Us Highway 90 E,Unique store number,0,1
303776,2248,Catonsville,MD,6205 Baltimore National Pike,Unique store number,0,1
2143562,3055,Catoosa,OK,19801 Robson Rd,Unique store number,0,1
867188,2351,Catskill,NY,30 Catskill Cmns,Unique store number,0,1
1816135,5835,Cave Creek,AZ,34399 N Cave Creek Rd,Unique store number,0,1
305137,1438,Cedar City,UT,1330 S Providence Center Dr,Unique store number,0,1
303267,753,Cedar Falls,IA,525 Brandilynn Blvd,Unique store number,0,1
2333666,3204,Cedar Hill,TX,820 E Belt Line Rd,Unique store number,0,1
330582,3285,Cedar Hill,TX,621 Uptown Blvd,Unique store number,0,1
361851,3598,Cedar Knolls,NJ,235 Ridgedale Ave,Unique store number,0,1
304909,2991,CEDAR PARK,TX,201 Walton Way,Unique store number,0,1
2120191,4163,Cedar Park,TX,2801 E Whitestone Blvd,Unique store number,0,1
303268,1528,Cedar Rapids,IA,2645 Blairs Ferry Rd NE,Unique store number,0,1
303269,2716,Cedar Rapids,IA,3601 29th Ave SW,Unique store number,0,1
303172,727,Cedartown,GA,1585 Rome Hwy,Unique store number,0,1
4471000,1250,Celina,TX,400 Icy Trl,Unique store number,0,1
304410,1433,Celina,OH,1950 Havemann Rd,Unique store number,0,1
1406455,3126,Aurora,CO,16746 E Smoky Hill Rd,Unique store number,0,1
615581,3313,CENTENNIAL,CO,10900 E Briarwood Ave,Unique store number,0,1
304339,2286,Centereach,NY,161 Centereach Mall,Unique store number,0,1
553970,3222,Central,SC,1286 Eighteen Mile Rd,Unique store number,0,1
303586,294,Central City,KY,1725 W Everly Brothers Blvd,Unique store number,0,1
466389,5126,Centre,AL,1950 W Main St,Unique store number,0,1
302819,2082,Cerritos,CA,12701 Towne Center Dr,Unique store number,0,1
2303752,1850,Chambersburg,PA,1730 Lincoln Way E,Unique store number,0,1
303345,1734,CHAMPAIGN,IL,2610 N Prospect Ave,Unique store number,0,1
302770,1512,Chandler,AZ,800 W Warner Rd,Unique store number,0,1
670764,3360,Chandler,AZ,2750 E Germann Rd,Unique store number,0,1
787664,387,Chandler,OK,3100 E 1st St,Unique store number,0,1
1911286,4324,Chandler,AZ,1900 E Chandler Blvd,Unique store number,0,1
2219514,6480,Chandler,AZ,3460 W Chandler Blvd,Unique store number,0,1
664099,2671,Chandler,AZ,1175 S Arizona Ave,Unique store number,0,1
1339457,5969,Chantilly,VA,4368 Chantilly Shopping Center D,Unique store number,0,1
303528,111,Chanute,KS,2700 S Santa Fe & Hwy 169 S,Unique store number,0,1
1907802,3182,Chapel Hill,NC,12500 Us 15 501 N,Unique store number,0,1
703939,3293,Chardon,OH,223 Meadowlands Dr,Unique store number,0,1
305330,2566,Charles Town,WV,96 Patrick Henry Way,Unique store number,0,1
304710,1748,Charleston,SC,3951 W Ashley Cir,Unique store number,0,1
304123,1452,Charlotte,NC,3209 Pineville Matthews Rd,Unique store number,0,1
322264,1464,Charlotte,NC,8180 S Tryon St,Unique store number,0,1
303837,1642,Charlotte,MI,1680 Packard Hwy,Unique store number,0,1
304126,1666,Charlotte,NC,3850 E Independence Blvd,Unique store number,0,1
304125,1821,Charlotte,NC,9101 Albemarle Rd,Unique store number,0,1
864986,2134,Charlotte,NC,7735 N Tryon St,Unique store number,0,1
2151113,4148,Charlotte,NC,8800 E W T Harris Blvd,Unique store number,0,1
2333629,4848,Charlotte,NC,8322 Pineville Matthews Rd,Unique store number,0,1
615609,5481,Charlotte,NC,9820 Callabridge Ct,Unique store number,0,1
2438921,6233,Charlotte,NC,11530 N Tryon St,Unique store number,0,1
561042,5063,Charlotte,NC,1830 Galleria Blvd,Unique store number,0,1
670766,3371,Charlotte,NC,3240 Wilkinson Blvd,Unique store number,0,1
305163,1780,Charlottesville,VA,975 Hilton Heights Rd,Unique store number,0,1
304780,1469,Chattanooga,TN,2020 Gunbarrel Rd Ste 250,Unique store number,0,1
2311802,3619,Chattanooga,TN,3901 Hixson Pike,Unique store number,0,1
680081,3660,Chattanooga,TN,3550 Cummings Hwy,Unique store number,0,1
2311830,5143,Chattanooga,TN,8101 E Brainerd Rd,Unique store number,0,1
533863,5251,Chattanooga,TN,490 Greenway View Dr,Unique store number,0,1
303838,2100,Cheboygan,MI,1150 S Main St,Unique store number,0,1
304340,2586,Buffalo,NY,2500 Walden Ave,Unique store number,0,1
746320,3754,Chelan,WA,108 N Apple Blossom Dr,Unique store number,0,1
762876,4330,Chelsea,AL,16077 Highway 280,Unique store number,0,1
304711,642,Cheraw,SC,1040 Chesterfield Hwy,Unique store number,0,1
787708,4594,Cherryville,NC,2505 Lincolnton Hwy,Unique store number,0,1
305164,1682,Chesapeake,VA,2448 Chesapeake Square Ring Rd,Unique store number,0,1
305165,1841,Chesapeake,VA,1521 Sams Cir,Unique store number,0,1
2208236,3299,Chesapeake,VA,475 Kempsville Rd,Unique store number,0,1
2151099,3330,Chesapeake,VA,673 Cedar Rd,Unique store number,0,1
1019036,3644,Chesapeake,VA,201 Hillcrest Pkwy,Unique store number,0,1
680097,5253,Chesapeake,VA,632 Grassfield Pkwy,Unique store number,0,1
305357,1315,Cheyenne,WY,2032 Dell Range Blvd,Unique store number,0,1
2293407,4653,Cheyenne,WY,580 Livingston Ave,Unique store number,0,1
2258574,3110,Chicago,IL,7535 S Ashland Ave,Unique store number,0,1
1947888,5617,Chicago,IL,4626 W Diversey Ave,Unique store number,0,1
1947881,5965,Chicago,IL,10900 S Doty Ave,Unique store number,0,1
304503,113,Chickasha,OK,2001 S 1st St,Unique store number,0,1
302820,2044,Chico,CA,2044 Forest Ave,Unique store number,0,1
595460,5278,Chicopee,MA,591 Memorial Dr,Unique store number,0,1
303021,1297,Chiefland,FL,2201 N Young Blvd,Unique store number,0,1
304911,900,CHILDRESS,TX,2801 Avenue F NW,Unique store number,0,1
303946,135,Chillicothe,MO,1000 Graves St,Unique store number,0,1
304412,2400,Chillicothe,OH,85 River Trce,Unique store number,0,1
305270,2509,Chilton,WI,810 S Irish Rd,Unique store number,0,1
302821,3464,Chino,CA,3943 Grand Ave,Unique store number,0,1
303022,2114,Chipley,FL,1621 Main St,Unique store number,0,1
312430,3223,BEAVER FALLS,PA,100 Chippewa Town Ctr,Unique store number,0,1
615603,5373,Chippewa Falls,WI,2786 Commercial Blvd,Unique store number,0,1
2151120,4195,Choctaw,OK,14185 Mack Harrington Dr,Unique store number,0,1
305167,1292,Christiansburg,VA,2400 N Franklin St,Unique store number,0,1
302822,2291,Chula Vista,CA,75 N Broadway,Unique store number,0,1
533865,3516,Chula Vista,CA,1360 Eastlake Pkwy,Unique store number,0,1
2455514,3947,Chula Vista,CA,875 E H St,Unique store number,0,1
670784,5305,Chula Vista,CA,1150 Broadway,Unique store number,0,1
2333427,4115,Cibolo,TX,602 Cibolo Valley Dr,Unique store number,0,1
2120188,3004,Cicero,IL,3320 S Cicero Ave,Unique store number,0,1
654799,5242,Cicero,NY,8064 Brewerton Rd,Unique store number,0,1
304413,1443,Cincinnati,OH,4370 Eastgate Square Dr,Unique store number,0,1
304419,1427,Circleville,OH,1470 S Court St,Unique store number,0,1
746318,3712,Citrus Heights,CA,7010 Auburn Blvd,Unique store number,0,1
2208402,4759,Citrus Heights,CA,6197 Sunrise Blvd,Unique store number,0,1
302823,2251,Hacienda Heights,CA,17150 Gale Ave,Unique store number,0,1
302616,424,Clanton,AL,1415 7th St S,Unique store number,0,1
304240,1975,Claremont,NH,14 Bowen St,Unique store number,0,1
304504,12,Claremore,OK,1500 S Lynn Riggs Blvd,Unique store number,0,1
304606,2540,Clarion,PA,63 Perkins Rd,Unique store number,0,1
305331,1544,Clarksburg,WV,550 Emily Dr,Unique store number,0,1
304046,707,Clarksdale,MS,1000 S State St,Unique store number,0,1
304784,1075,Clarksville,TN,1680 Fort Campbell Blvd,Unique store number,0,1
303451,1476,Clarksville,IN,1351 Veterans Pkwy,Unique store number,0,1
304783,3495,Clarksville,TN,2315 Madison St,Unique store number,0,1
2311813,4469,Clarksville,TN,2551 Whitfield Rd,Unique store number,0,1
2311823,4589,Clarksville,TN,216 Dover Rd,Unique store number,0,1
2311824,4591,Clarksville,TN,408 Tiny Town Rd,Unique store number,0,1
1100972,66,Clarksville,AR,230 E Market St,Unique store number,0,1
20235,673,Clarksville,TN,3050 Wilma Rudolph Blvd,Unique store number,0,1
304607,2129,Clearfield,PA,100 Supercenter Dr,Unique store number,0,1
302824,1979,Clearlake,CA,15960 Dam Rd,Unique store number,0,1
303023,2081,Clearwater,FL,23106 Us Highway 19 N,Unique store number,0,1
856152,4667,Clearwater,FL,1803 N Highland Ave,Unique store number,0,1
2083130,5670,Clearwater,FL,2171 Gulf To Bay Blvd,Unique store number,0,1
304913,228,Cleburne,TX,1616 W Henderson St,Unique store number,0,1
2311840,6243,Clemmons,NC,3633 Clemmons Rd,Unique store number,0,1
2219692,4445,Clemson,SC,680 Old Greenville Hwy,Unique store number,0,1
680083,2695,Clermont,FL,1450 Johns Lake Rd,Unique store number,0,1
832971,5299,Clermont,FL,550 Us Highway 27,Unique store number,0,1
303024,2484,Clewiston,FL,1005 W Sugarland Hwy,Unique store number,0,1
304358,2844,Clifton Park,NY,1549 Route 9,Unique store number,0,1
303452,1013,Clinton,IN,1795 E State Road 163,Unique store number,0,1
304048,1710,Clinton,MS,950 Highway 80 E,Unique store number,0,1
303947,20,Clinton,MO,1712 E Ohio St,Unique store number,0,1
304128,2580,Clinton,NC,1415 Sunset Ave,Unique store number,0,1
304263,2582,Clinton,NJ,Hwy 513 & I 78,Unique store number,0,1
303777,2799,Clinton,MD,8745 Branch Ave,Unique store number,0,1
303271,2889,Clinton,IA,2715 S 25th St,Unique store number,0,1
801457,4635,Clinton,TN,150 Tanner Ln,Unique store number,0,1
513563,5234,Clearfield,UT,1632 N 2000 W,Unique store number,0,1
302699,788,Clinton,AR,1966 Highway 65 S,Unique store number,0,1
866912,4660,Clinton Township,MI,18400 Hall Rd,Unique store number,0,1
303895,1929,Cloquet,MN,1308 Highway 33 S,Unique store number,0,1
2120186,2826,Coachella,CA,83053 Avenue 48,Unique store number,0,1
304342,2135,Cobleskill,NY,139 Merchant Pl,Unique store number,0,1
2151149,7246,Cochran,GA,366 Ga Highway 26 E,Unique store number,0,1
772554,1916,Pompano Beach,FL,5571 W Hillsboro Blvd,Unique store number,0,1
303529,42,Coffeyville,KS,1863 Cr 5300,Unique store number,0,1
303530,1214,Colby,KS,115 W Willow Ave,Unique store number,0,1
303840,1593,Coldwater,MI,800 E Chicago St,Unique store number,0,1
305234,2476,College Place,WA,1700 SE Meadowbrook Blvd,Unique store number,0,1
304915,1150,COLLEGE STATION,TX,1815 Brothers Blvd,Unique store number,0,1
1798005,5614,Colleyville,TX,4904 Colleyville Blvd,Unique store number,0,1
304786,175,Collierville,TN,560 W Poplar Ave,Unique store number,0,1
2455545,2425,Collinsville,IL,1101 Belt Line Rd,Unique store number,0,1
303349,361,Collinsville,IL,1040 Collinsville Crossing Blvd,Unique store number,0,1
302940,1200,Colorado Springs,CO,3201 E Platte Ave,Unique store number,0,1
302942,1434,Colorado Springs,CO,707 S 8th St,Unique store number,0,1
302941,1896,Colorado Springs,CO,8250 Razorback Rd,Unique store number,0,1
1816113,3082,Colorado Springs,CO,1622 S Academy Blvd,Unique store number,0,1
1490985,3083,Colorado Springs,CO,665 N Murray Blvd,Unique store number,0,1
2083135,3175,Colorado Springs,CO,4142 Austin Bluffs Pkwy,Unique store number,0,1
1947857,3176,Colorado Springs,CO,1725 N Union Blvd,Unique store number,0,1
361849,3582,Colorado Springs,CO,1575 Space Center Dr,Unique store number,0,1
513549,5123,Colorado Springs,CO,5550 E Woodmen Rd,Unique store number,0,1
302826,1692,Colton,CA,1120 S Mount Vernon Ave,Unique store number,0,1
304716,1164,Columbia,SC,360 Harbison Blvd,Unique store number,0,1
304049,1168,Columbia,MS,1001 Highway 98 Byp,Unique store number,0,1
304713,1286,Columbia,SC,7520 Garners Ferry Rd,Unique store number,0,1
304714,1339,Columbia,SC,10060 Two Notch Rd,Unique store number,0,1
303948,159,Columbia,MO,415 Conley Rd,Unique store number,0,1
304787,192,Columbia,TN,2200 Brookmeade Dr,Unique store number,0,1
304715,2214,Columbia,SC,5420 Forest Dr,Unique store number,0,1
303949,451,Columbia,MO,1201 Grindstone Pkwy,Unique store number,0,1
513576,5228,Columbia,MD,6405 Dobbin Rd,Unique store number,0,1
2388300,5291,West Columbia,SC,1019 Old Barnwell Rd,Unique store number,0,1
827977,569,Columbia,KY,2988 Burkesville Rd,Unique store number,0,1
708011,80,Columbia,MO,3001 W Broadway,Unique store number,0,1
303453,1425,Columbia City,IN,402 W Plaza Dr,Unique store number,0,1
303174,1311,Columbus,GA,5448 Whittlesey Blvd Ste B,Unique store number,0,1
303175,1338,Columbus,GA,3515 Victory Dr,Unique store number,0,1
303454,1371,Columbus,IN,735 Whitfield Dr,Unique store number,0,1
304421,2098,Columbus,OH,3900 Morse Rd,Unique store number,0,1
304442,2725,Lewis Center,OH,8659 Columbus Pike,Unique store number,0,1
2120185,2774,Dublin,OH,7730 Sawmill Rd,Unique store number,0,1
746324,3812,Columbus,OH,2700 Bethel Rd,Unique store number,0,1
787639,4200,Columbus,GA,6475 Gateway Rd,Unique store number,0,1
787642,4283,Columbus,GA,2801 Airport Thruway,Unique store number,0,1
2333671,4421,Columbus,GA,7400 Blackmon Rd,Unique store number,0,1
2333672,4426,Columbus,GA,1042 Manchester Expy,Unique store number,0,1
897374,495,Columbus,MS,1913 Highway 45 N,Unique store number,0,1
304916,503,Columbus,TX,2103 Milam St,Unique store number,0,1
533862,5185,Columbus,OH,1221 Georgesville Rd,Unique store number,0,1
2356061,5907,Columbus,GA,4909 Buena Vista Rd,Unique store number,0,1
304220,774,Columbus,NE,818 E 23rd St,Unique store number,0,1
304424,2426,Columbus,OH,5200 Westpointe Plaza Dr,Unique store number,0,1
2108563,2016,Colville,WA,810 N Highway,Unique store number,0,1
746348,5202,Commack,NY,85 Crooked Hill Rd,Unique store number,0,1
302943,2752,Commerce City,CO,5990 Dahlia St,Unique store number,0,1
2438920,5807,Compton,CA,2100 N Long Beach Blvd,Unique store number,0,1
303842,1923,Comstock Park,MI,3999 Alpine Ave NW,Unique store number,0,1
654801,5379,Connellsville,PA,1450 Morrell Ave,Unique store number,0,1
1027933,1729,Connersville,IN,4200 Western Ave,Unique store number,0,1
746335,4224,Conover,NC,201 Zelkova Ct NW,Unique store number,0,1
404200,3591,Montgomery,TX,18700 Highway 105 W,Unique store number,0,1
304918,400,Conroe,TX,1407 N Loop 336 W,Unique store number,0,1
2388294,4056,Converse,TX,10781 Toepperwein Rd,Unique store number,0,1
832986,5144,Converse,TX,8315 Fm 78,Unique store number,0,1
302701,2575,Conway,AR,3900 Dave Ward Dr,Unique store number,0,1
1947855,3168,Conway,AR,2550 Prince St,Unique store number,0,1
859635,4664,Conway,SC,151 Myrtle Ridge Dr,Unique store number,0,1
302700,5,Conway,AR,1155 Highway 65 N,Unique store number,0,1
304717,586,Conway,SC,2709 Church St Ste A,Unique store number,0,1
303177,2475,CONYERS,GA,1436 Dogwood Dr SE,Unique store number,0,1
304788,657,Cookeville,TN,768 S Jefferson Ave,Unique store number,0,1
302772,2778,COOLIDGE,AZ,1695 N Arizona Blvd,Unique store number,0,1
303025,1845,Fort Lauderdale,FL,4700 S Flamingo Rd,Unique store number,0,1
304571,1880,Coos Bay,OR,2051 Newmark Ave,Unique store number,0,1
304919,381,Copperas Cove,TX,2720 E Business 190,Unique store number,0,1
303026,1387,Pompano Beach,FL,3801 Turtle Creek Dr,Unique store number,0,1
303027,2963,Pompano Beach,FL,6001 Coral Ridge Dr,Unique store number,0,1
773977,4498,Pompano Beach,FL,4650 N University Dr,Unique store number,0,1
303272,2827,Coralville,IA,2801 Commerce Dr,Unique store number,0,1
303588,1259,Corbin,KY,60 S Stewart Rd,Unique store number,0,1
303178,1006,Cordele,GA,1215 E 16th Ave,Unique store number,0,1
304798,2322,Cordova,TN,577 N Germantown Pkwy,Unique store number,0,1
303179,1403,Cornelia,GA,250 Furniture Dr,Unique store number,0,1
893840,4221,Cornelius,OR,220 N Adair St,Unique store number,0,1
302827,1912,Corona,CA,479 N Mckinley St,Unique store number,0,1
2258571,2487,Corona,CA,1560 W 6th St,Unique store number,0,1
302828,2842,Corona,CA,1290 E Ontario Ave,Unique store number,0,1
1101290,1494,Corpus Christi,TX,4109 S Staples St,Unique store number,0,1
304920,464,Corpus Christi,TX,3829 Us Highway 77,Unique store number,0,1
304923,470,Corpus Christi,TX,1821 S Padre Island Dr,Unique store number,0,1
1101288,490,Corpus Christi,TX,1250 Flour Bluff Dr,Unique store number,0,1
1101285,5898,Corpus Christi,TX,6101 Saratoga Rd,Unique store number,0,1
304608,2909,Corry,PA,961 E Columbus Ave,Unique store number,0,1
304924,565,Corsicana,TX,3801 W State Highway 31,Unique store number,0,1
304344,1781,Cortland,NY,819 Bennie Rd,Unique store number,0,1
303456,922,Corydon,IN,2363 Highway 135 NW,Unique store number,0,1
304425,1937,Coshocton,OH,23605 Airport Rd,Unique store number,0,1
616203,5793,Coto Laurel PR,,,Unmatched,,0
304572,2320,Cottage Grove,OR,901 Row River Rd,Unique store number,0,1
2090562,2448,Cottage Grove,MN,9300 E Point Douglas Rd S,Unique store number,0,1
302773,1299,Cottonwood,AZ,2003 E Rodeo Dr,Unique store number,0,1
303273,1965,Council Bluffs,IA,3201 Manawa Centre Dr,Unique store number,0,1
2208303,3150,Council Bluffs,IA,1800 N 16th St,Unique store number,0,1
304695,2283,Coventry,RI,650 Centre Of New England Blvd,Unique store number,0,1
302829,2292,Covina,CA,1275 N Azusa Ave,Unique store number,0,1
787704,374,COWETA,OK,11207 S State Highway 51,Unique store number,0,1
770079,4377,Craig,CO,2000 W Victory Way,Unique store number,0,1
2108577,2597,Cranberry,PA,10 Kimberly Ln,Unique store number,0,1
304610,1770,Cranberry Township,PA,20245 Route 19,Unique store number,0,1
703940,3307,Crawfordville,FL,35 Mike Stewart,Unique store number,0,1
302830,1910,Crescent City,CA,900 E Washington Blvd,Unique store number,0,1
303274,1435,Creston,IA,806 Laurel St,Unique store number,0,1
703491,3601,Crestwood,IL,4700 135th St,Unique store number,0,1
2338382,7290,Crestwood,KY,6501 Veterens Memorial Pkwy,Unique store number,0,1
762875,4322,Crete,NE,1800 E 29th St,Unique store number,0,1
304925,236,Crockett,TX,1225 E Loop 304,Unique store number,0,1
302978,2299,Cromwell,CT,161 Berlin Rd,Unique store number,0,1
764547,3758,Crookston,MN,1930 Sahlstrom Dr,Unique store number,0,1
304926,522,Crosby,TX,14215 Fm 2100 Rd,Unique store number,0,1
302703,167,Crossett,AR,910 Unity Rd,Unique store number,0,1
2004331,5707,Aubrey,TX,11700 Us Highway 380,Unique store number,0,1
528622,687,Crossville,TN,168 Obed Plz Ste 108,Unique store number,0,1
303666,310,Crowley,LA,729 Odd Fellows Rd,Unique store number,0,1
1339358,3631,Crowley,TX,1221 Fm 1187 E,Unique store number,0,1
794925,1413,Crystal Lake,IL,1205 S Il Route 31,Unique store number,0,1
303951,895,Cuba,MO,100 Ozark Dr,Unique store number,0,1
304927,385,Cuero,TX,1202 E Broadway St,Unique store number,0,1
302617,670,Cullman,AL,626 Olive St SW,Unique store number,0,1
2311789,7280,Cullman,AL,5601 Al Highway 157,Unique store number,0,1
2120192,4185,Cumming,GA,2395 Peachtree Pkwy,Unique store number,0,1
2573122,7185,Cumming,GA,3655 Browns Bridge Rd,Unique store number,0,1
303181,878,Cumming,GA,1500 Market Place Blvd,Unique store number,0,1
2108594,360,CUSHING,OK,3100 E Main St,Unique store number,0,1
303674,502,Cut Off,LA,16759 Highway 3235,Unique store number,0,1
303029,713,Dade City,FL,12650 Us Highway 301,Unique store number,0,1
616735,3341,Dallas,TX,2305 N Central Expy,Unique store number,0,1
1947846,3015,Dallas,TX,2827 S Buckner Blvd,Unique store number,0,1
338834,3543,Danbury,CT,67 Newtown Rd,Unique store number,0,1
305171,1465,Danville,VA,515 Mount Cross Rd,Unique store number,0,1
303351,2491,Danville,IL,4101 N Vermilion St Ste A,Unique store number,0,1
2388305,5829,Danville,VA,211 Nor Dan Dr Ste 1010,Unique store number,0,1
2333432,6476,Danville,IN,1894 Ridge Ave,Unique store number,0,1
303590,692,Danville,KY,100 Walton Ave,Unique store number,0,1
2150882,3874,Dawsonville,GA,98 Power Center Dr,Unique store number,0,1
866400,1504,Dayton,OH,8800 Kingsridge Dr,Unique store number,0,1
304403,2124,Dayton,OH,3360 Pentagon Blvd,Unique store number,0,1
304791,619,Dayton,TN,3034 Rhea County Hwy,Unique store number,0,1
2303779,1134,Defuniak Springs,FL,1226 Us Highway 331 S,Unique store number,0,1
303667,505,DeRidder,LA,1125 N Pine St,Unique store number,0,1
303952,152,De Soto,MO,12862 State Route 21,Unique store number,0,1
787673,3710,Decatur,GA,3580 Memorial Dr,Unique store number,0,1
2608048,2944,DELAND,FL,955 S Woodland Blvd,Unique store number,0,1
361845,3247,Delavan,WI,1819 E Geneva St,Unique store number,0,1
473232,3228,Delmont,PA,6700 Hollywood Blvd,Unique store number,0,1
1339459,4679,Denham Springs,LA,34025 La Highway 16,Unique store number,0,1
2219717,7241,Denham Springs,LA,25820 La Highway 16,Unique store number,0,1
303668,935,Denham Springs,LA,904 S Range Ave,Unique store number,0,1
304933,147,Denison,TX,401 N Us Highway 75,Unique store number,0,1
303277,1732,Denison,IA,510 Avenue C,Unique store number,0,1
1406453,3128,Denver,CO,1442 S Parker Rd,Unique store number,0,1
322256,3533,Denver,CO,7800 Smith Rd,Unique store number,0,1
312111,3566,Denver,CO,9400 E Hampden Ave,Unique store number,0,1
787641,4274,Denver,NC,7131 Highway 73,Unique store number,0,1
2104748,5676,Denver,CO,2770 W Evans Ave,Unique store number,0,1
1935806,3155,Derby,KS,1106 S Rock Rd,Unique store number,0,1
2403293,4156,Derby,VT,115 Seymour Dr,Unique store number,0,1
303532,592,Derby,KS,2020 N Nelson Dr,Unique store number,0,1
303897,2957,Detroit Lakes,MN,1583 Highway 10 W,Unique store number,0,1
2278619,4762,Diamond Bar,CA,1180 S Diamond Bar Blvd,Unique store number,0,1
304052,2715,Diberville,MS,3615 Sangani Blvd,Unique store number,0,1
2219695,6166,Diberville,MS,10290 Diberville Blvd,Unique store number,0,1
304611,1884,Scranton,PA,900 Commerce Blvd,Unique store number,0,1
787697,1627,Dilworth,MN,415 34th St N,Unique store number,0,1
499078,5139,DIXON,CA,235 E Dorset Dr,Unique store number,0,1
646600,5399,DIXON,IL,1640 S Galena Ave,Unique store number,0,1
305272,847,Dodgeville,WI,601 E Leffler St,Unique store number,0,1
456216,5110,Draper,UT,1360 E Draper Pkwy,Unique store number,0,1
304612,1769,Du Bois,PA,20 Industrial Dr,Unique store number,0,1
302831,2401,Duarte,CA,1600 Mountain Ave,Unique store number,0,1
304935,812,Dumas,TX,2003 S Dumas Ave,Unique store number,0,1
303778,2435,DUNDALK,MD,2399 N Point Blvd,Unique store number,0,1
303035,960,Dunnellon,FL,11012 N Williams St,Unique store number,0,1
304793,677,Dyersburg,TN,2650 Lake Rd,Unique store number,0,1
303182,2513,Dahlonega,GA,270 Walmart Way,Unique store number,0,1
2304403,2105,Dallas,TX,4122 Lyndon B Johnson Fwy,Unique store number,0,1
304573,2315,Dallas,OR,321 NE Kings Valley Hwy,Unique store number,0,1
304928,2427,Dallas,TX,9301 Forest Ln,Unique store number,0,1
304929,2667,Dallas,TX,7401 Samuell Blvd,Unique store number,0,1
304930,2996,Dallas,TX,18121 Marsh Ln,Unique store number,0,1
1992791,3014,Dallas,TX,200 Short Blvd,Unique store number,0,1
680089,3403,Dallas,GA,3615 Charles Hardy Pkwy,Unique store number,0,1
466454,5021,Dallas,TX,2275 Gus Thomasson Rd,Unique store number,0,1
466390,5147,Dallas,TX,1521 N Cockrell Hill Rd,Unique store number,0,1
2104750,5810,Dallas,TX,7075 W Wheatland Rd,Unique store number,0,1
1052058,5823,Dallas,TX,6185 Retail Rd Ste 200,Unique store number,0,1
1815431,5889,Dallas,TX,9410 Webb Chapel Rd,Unique store number,0,1
2219673,7004,Dallas,NC,1300 Dallas Cherryville Hwy,Unique store number,0,1
2329160,8930,Dallas,TX,15757 Coit Rd,Unique store number,0,1
680090,3406,Dallas,TX,15220 Montfort Rd,Unique store number,0,1
2311819,4528,Dalton,GA,98 W Walnut Ave,Unique store number,0,1
513557,5173,Dalton,GA,815 Shugart Rd,Unique store number,0,1
303183,669,Dalton,GA,2545 E Walnut Ave,Unique store number,0,1
2388292,4563,Dania Beach,FL,401 E Sheridan St,Unique store number,0,1
303735,2180,Danvers,MA,55 Brooksby Village Way,Unique store number,0,1
302618,934,Daphne,AL,27520 Us Highway 98,Unique store number,0,1
302704,296,Dardanelle,AR,1172 State Highway 7 N,Unique store number,0,1
303352,2215,Darien,IL,2189 75th St,Unique store number,0,1
2353243,7188,Darlington,SC,251 Andover Pl,Unique store number,0,1
303275,1241,Davenport,IA,5811 Elmore Ave,Unique store number,0,1
499068,5115,Davenport,IA,3101 W Kimberly Rd,Unique store number,0,1
1831094,2987,Fort Lauderdale,FL,4301 S University Dr,Unique store number,0,1
4476170,4826,Hollywood,FL,8550 Stirling Rd,Duplicate store number resolved by coordinates,0.14,2
703945,3783,Dayton,OH,3465 York Commons Blvd,Unique store number,0,1
303030,1391,Daytona Beach,FL,1101 Beville Rd,Unique store number,0,1
764447,3862,Daytona Beach,FL,1905 N Nova Rd,Unique store number,0,1
303032,860,DELAND,FL,1699 N Woodland Blvd,Unique store number,0,1
466386,5090,De Pere,WI,1415 Lawrence Dr,Unique store number,0,1
2434564,3606,Debary,FL,185 N Charles Richard Beall Blvd,Unique store number,0,1
302705,279,De Queen,AR,926 E Collin Raye Dr,Unique store number,0,1
773976,4383,Dearborn,MI,5851 Mercury Dr,Unique store number,0,1
303458,1647,Decatur,IN,1700 S 13th St,Unique store number,0,1
303353,1690,Decatur,IL,4224 N Prospect St,Unique store number,0,1
1907801,2488,Decatur,AL,1203 6th Ave SE,Unique store number,0,1
303354,2728,Decatur,IL,4625 E Maryland St,Unique store number,0,1
2311797,3118,Decatur,GA,2525 N Decatur Rd,Unique store number,0,1
304931,421,Decatur,TX,800 US Hwy 81/287 & FM Hwy 51,Unique store number,0,1
302619,662,Decatur,AL,2800 Spring Ave SW,Unique store number,0,1
303276,913,Decorah,IA,1798 Old Stage Rd,Unique store number,0,1
1935804,3104,Deerfield Beach,FL,1101 S Military Trl,Unique store number,0,1
760318,5385,Defiance,OH,1804 N Clinton St,Unique store number,0,1
303355,786,DeKalb,IL,2300 Sycamore Rd,Unique store number,0,1
2219682,3202,Oklahoma City,OK,4900 S Sooner Rd,Unique store number,0,1
304530,544,Oklahoma City,OK,5401 Tinker Diagonal St,Unique store number,0,1
304932,447,Del Rio,TX,2410 Dodson Ave,Unique store number,0,1
305271,1678,Delafield,WI,2863 Heritage Dr,Unique store number,0,1
1947871,5215,Delano,CA,530 Woollomes Ave,Unique store number,0,1
304427,1990,Delaware,OH,1760 Columbus Pike,Unique store number,0,1
303033,1589,Delray Beach,FL,16205 S Military Trl,Unique store number,0,1
2219674,2396,Boynton Beach,FL,12700 S Military Trl,Unique store number,0,1
2090542,2406,Delray Beach,FL,3155 S Federal Hwy,Unique store number,0,1
561045,5458,Delta,CO,37 Stafford Ln,Unique store number,0,1
749697,3310,Deltona,FL,101 Howland Blvd,Unique store number,0,1
2311841,6398,Deltona,FL,1569 Saxon Blvd,Unique store number,0,1
466392,5166,Deming,NM,1021 E Pine St,Unique store number,0,1
302620,731,DEMOPOLIS,AL,969 Us Highway 80 W,Unique store number,0,1
1797924,3843,Denton,MD,610 Legion Rd,Unique store number,0,1
2333670,4104,Denton,TX,3930 Teasley Ln,Unique store number,0,1
895737,4627,Denton,TX,2750 W University Dr,Unique store number,0,1
897373,467,Denton,TX,1515 S Loop 288,Unique store number,0,1
1406463,3127,Denver,CO,5141 Chambers Rd,Unique store number,0,1
894629,5027,Lancaster,NY,4975 Transit Rd,Unique store number,0,1
304242,1753,Derry,NH,11 Ashleigh Dr,Unique store number,0,1
303278,1723,Des Moines,IA,5101 SE 14th St,Unique store number,0,1
303279,1764,Windsor Heights,IA,1001 73rd St,Unique store number,0,1
303953,95,Park Hills,MO,407 N State St,Unique store number,0,1
703943,3432,Desoto,TX,951 W Belt Line Rd,Unique store number,0,1
2219715,7232,Desoto,TX,108 W Parkerville Rd,Unique store number,0,1
303034,1362,Destin,FL,15017 Emerald Coast Pkwy,Unique store number,0,1
304210,1695,Devils Lake,ND,1424 Highway 2 E,Unique store number,0,1
2182139,4103,Devine,TX,175 Interstate 35 N,Unique store number,0,1
303954,30,Dexter,MO,2025 W Business Us Highway 60,Unique store number,0,1
304211,1567,Dickinson,ND,2456 3rd Ave W,Unique store number,0,1
304792,264,Dickson,TN,175 Beasley Dr,Unique store number,0,1
787657,627,Dillon,SC,805 Enterprise Rd,Unique store number,0,1
664121,5394,DINUBA,CA,770 W El Monte Way,Unique store number,0,1
303533,372,DODGE CITY,KS,1905 N 14th Ave,Unique store number,0,1
303669,485,Donaldsonville,LA,37000 Highway 3089,Unique store number,0,1
2219507,2763,Donna,TX,900 N Salinas Blvd,Unique store number,0,1
302622,2534,Dothan,AL,3300 S Oates St,Unique store number,0,1
2345900,5769,Dothan,AL,3871 W Main St,Unique store number,0,1
302621,604,Dothan,AL,4310 Montgomery Hwy,Unique store number,0,1
302774,1846,Douglas,AZ,199 W 5th St,Unique store number,0,1
303185,593,Douglas,GA,1450 Bowens Mill Rd SE,Unique store number,0,1
303186,1488,DOUGLASVILLE,GA,7001 Concourse Pkwy,Unique store number,0,1
1101292,1736,Dover,DE,36 Jerome Dr,Unique store number,0,1
2353240,4132,Downey,CA,9001 Apollo Way,Unique store number,0,1
1490983,5603,Downey,CA,12270 Paramount Blvd,Unique store number,0,1
303591,584,Dry Ridge,KY,20 Ferguson Blvd,Unique store number,0,1
303356,252,Du Quoin,IL,215 E Grantway St,Unique store number,0,1
305201,1652,Dublin,VA,5225 Alexander Rd,Unique store number,0,1
304422,2471,Dublin,OH,5900 Britton Pkwy,Unique store number,0,1
1100976,555,Dublin,GA,2423 Us Highway 80 W,Unique store number,0,1
303280,2004,Dubuque,IA,4200 Dodge St,Unique store number,0,1
2258602,3639,Sterling,VA,24635 Dulles Landing Dr,Unique store number,0,1
303190,2154,Duluth,GA,2635 Pleasant Hill Rd,Unique store number,0,1
523887,3588,Dumfries,VA,17041 Jefferson Davis Hwy,Unique store number,0,1
304508,1116,Duncan,OK,3393 N Highway 81,Unique store number,0,1
787683,4348,Duncansville,PA,200 Commerce Dr,Unique store number,0,1
1224006,5876,Dunedin,FL,2102 Main St,Unique store number,0,1
762877,5345,Dunkirk,MD,10600 Town Center Blvd,Unique store number,0,1
746336,4226,Dunlap,TN,16773 Rankin Ave,Unique store number,0,1
304131,1237,Erwin,NC,590 E Jackson Blvd,Unique store number,0,1
1947850,3070,Atlanta,GA,5025 Winters Chapel Rd,Unique store number,0,1
302945,2270,Durango,CO,1155 S Camino Del Rio,Unique store number,0,1
304509,975,Durant,OK,3712 W Main St,Unique store number,0,1
889488,1614,Durham,NC,1525 Glenn School Rd,Unique store number,0,1
304133,2137,Durham,NC,5450 New Hope Commons Dr,Unique store number,0,1
303899,1786,Saint Paul,MN,1360 Town Centre Dr,Unique store number,0,1
766607,5424,Eagle Point,OR,11500 Hannon Rd,Unique store number,0,1
302597,2188,Eagle River,AK,18600 Eagle River Rd,Unique store number,0,1
322257,3561,East Falmouth,MA,137 Teaticket Hwy,Unique store number,0,1
304345,1940,Rensselaer,NY,279 Troy Rd Ste 100,Unique store number,0,1
707509,3810,East Greenville,PA,620 Gravel Pike,Unique store number,0,1
304346,2916,East Meadow,NY,2465 Hempstead Tpke,Unique store number,0,1
361840,2915,East Setauket,NY,3990 Nesconset Hwy,Unique store number,0,1
304347,2166,East Syracuse,NY,6438 Basile Rowe,Unique store number,0,1
303192,1018,Eastman,GA,1099 Indian Dr,Unique store number,0,1
304616,2830,Crum Lynne,PA,1570 Chester Pike,Unique store number,0,1
304134,1558,Eden,NC,304 E Arbor Ln,Unique store number,0,1
304939,429,Edinburg,TX,1724 W University Dr,Unique store number,0,1
2120195,5809,Edinburg,TX,2812 S Expressway 281,Unique store number,0,1
745553,3886,Edinburg,TX,4101 S Mccoll Rd,Unique store number,0,1
304511,2803,Edmond,OK,2200 W Danforth Rd,Unique store number,0,1
28541,2876,Edmond,OK,1301 E 2nd St,Unique store number,0,1
308175,3275,Edmond,OK,1101 NW 164th St,Unique store number,0,1
304510,389,Edmond,OK,1225 W I 35 Frontage Rd,Unique store number,0,1
303359,936,Effingham,IL,1204 Avenue Of Mid America,Unique store number,0,1
2449615,3212,Egg Harbor Township,NJ,6801 Black Horse Pike,Unique store number,0,1
302833,1555,El Centro,CA,2150 N Waterman Ave,Unique store number,0,1
304512,227,El Reno,OK,2400 S Country Club Rd,Unique store number,0,1
303193,1701,Elberton,GA,955 Elbert St,Unique store number,0,1
303955,44,Eldon,MO,1802 S Business 54,Unique store number,0,1
864834,4639,Elizabeth,CO,2100 Legacy Cir,Unique store number,0,1
749736,3412,Elizabethville,PA,200 Kocher Ln,Unique store number,0,1
303781,1860,Elkton,MD,1000 E Pulaski Hwy,Unique store number,0,1
801444,3609,Ellenwood,GA,2940 Anvil Block Rd,Unique store number,0,1
303782,2412,ELLICOTT CITY,MD,3200 North Ridge Rd,Unique store number,0,1
595450,3501,Elverson,PA,100 Crossings Blvd,Unique store number,0,1
304948,286,Ennis,TX,700 E Ennis Ave,Unique store number,0,1
302624,1638,Eufaula,AL,3176 S Eufaula Ave,Unique store number,0,1
304574,2538,Eugene,OR,1040 Green Acres Rd,Unique store number,0,1
304575,3258,Eugene,OR,4550 W 11th Ave,Unique store number,0,1
303956,295,Eureka,MO,131 Eureka Towne Center Dr,Unique store number,0,1
1406479,5629,Eureka,CA,3300 Broadway,Unique store number,0,1
4364517,1725,Eagle Mountain,UT,9399 N Spring Run Pkwy,Unique store number,0,1
304937,461,Eagle Pass,TX,496 S Bibb Ave,Unique store number,0,1
959178,631,Easley,SC,115 Rolling Hills Cir,Unique store number,0,1
2151096,3078,East Brunswick,NJ,290 State Route 18,Unique store number,0,1
1816133,1070,Ellijay,GA,88 Highland Xing,Unique store number,0,1
304428,1707,East Liverpool,OH,16280 Dresden Ave,Unique store number,0,1
303358,1028,East Peoria,IL,401 River Rd,Unique store number,0,1
2188342,6998,Atlanta,GA,844 Cleveland Ave,Unique store number,0,1
2311828,4692,Chattanooga,TN,4150 Ringgold Rd,Unique store number,0,1
304613,2368,East Stroudsburg,PA,355 Lincoln Ave,Unique store number,0,1
302980,2282,East Windsor,CT,44 Prospect Hill Rd,Unique store number,0,1
645176,3266,Hightstown,NJ,839 US Highway 130,Unique store number,0,1
304429,1863,Eastlake,OH,33752 Vine St,Unique store number,0,1
304938,561,Eastland,TX,1410 E Main St,Unique store number,0,1
303779,1715,Easton,MD,8155 Elliott Rd,Unique store number,0,1
304614,2252,Easton,PA,3722 Easton Nazareth Hwy,Unique store number,0,1
4373114,3129,Eastvale,CA,14100 Limonite Ave,Unique store number,0,1
642833,5374,Eaton,OH,100A E Washington Jackson Rd,Unique store number,0,1
664105,5482,Eatonton,GA,201 Walmart Dr,Unique store number,0,1
305273,1669,Eau Claire,WI,3915 Gateway Dr,Unique store number,0,1
304615,2663,Ebensburg,PA,300 Walmart Dr,Unique store number,0,1
303900,1855,Eden Prairie,MN,12195 Singletree Ln,Unique store number,0,1
787677,4201,Edgewood,NM,66 State Road 344,Unique store number,0,1
304617,3253,Edinboro,PA,108 Washington Towne Blvd N,Unique store number,0,1
826936,5201,Edison,NJ,2220 State Route 27,Unique store number,0,1
302832,2253,El Cajon,CA,13487 Camino Canada,Unique store number,0,1
2303784,4169,El Cajon,CA,300 N 2nd St,Unique store number,0,1
304941,344,El Campo,TX,3413 West Loop,Unique store number,0,1
303534,186,El Dorado,KS,301 S Village Rd,Unique store number,0,1
302707,530,El Dorado,AR,2730 N West Ave,Unique store number,0,1
764381,4336,El Mirage,AZ,12900 W Thunderbird Rd,Unique store number,0,1
304945,1015,El Paso,TX,7555 N Mesa St,Unique store number,0,1
304946,2201,El Paso,TX,7101 Gateway Blvd W,Unique store number,0,1
304947,2612,El Paso,TX,1850 N Zaragoza Rd,Unique store number,0,1
646183,3661,El Paso,TX,1551 N Zaragoza Rd,Unique store number,0,1
895731,3763,El Paso,TX,12236 Montana Ave,Unique store number,0,1
2151108,4105,El Paso,TX,101 E Redd Rd,Unique store number,0,1
773975,4366,El Paso,TX,951 N Resler Dr,Unique store number,0,1
764452,4415,El Paso,TX,8115 N Loop Dr,Unique store number,0,1
304942,500,El Paso,TX,4530 Woodrow Bean,Unique store number,0,1
378061,5108,El Paso,TX,3000 Saul Kleinfeld Dr,Unique store number,0,1
249056,512,El Paso,TX,10727 Gateway Blvd W,Unique store number,0,1
2770806,5717,El Paso,TX,7831 Paseo Del Norte Blvd,Unique store number,0,1
1412784,5947,El Paso,TX,5631 Dyer St,Unique store number,0,1
1406462,5962,El Paso,TX,4716 Hondo Pass Dr,Unique store number,0,1
2278613,6587,El Paso,TX,10840 Martin Luther King Jr Blvd,Unique store number,0,1
2220316,6813,El Paso,TX,3590 N Zaragoza Rd,Unique store number,0,1
2438924,7229,El Paso,TX,1110 Sunland Park Dr,Unique store number,0,1
304944,964,El Paso,TX,9441 Alameda Ave,Unique store number,0,1
1101293,1814,Elgin,IL,1100 S Randall Rd,Unique store number,0,1
2090389,3170,Elgin,TX,1320 Highway 290 W,Unique store number,0,1
304135,1527,Elizabeth City,NC,101 Tanglewood Pkwy N,Unique store number,0,1
304794,690,Elizabethton,TN,1001 Over Mountain Dr,Unique store number,0,1
304136,1166,Elizabethtown,NC,1347 W Broad St,Unique store number,0,1
303592,709,Elizabethtown,KY,100 Walmart Dr,Unique store number,0,1
304513,134,Elk City,OK,210 Regional Dr,Unique store number,0,1
302834,1697,Elk Grove,CA,8465 Elk Grove Blvd,Unique store number,0,1
1798006,5683,Elk Grove,CA,8455 Elk Grove Blvd,Unique store number,0,1
1824967,5848,Elk Grove,CA,10075 Bruceville Rd,Unique store number,0,1
303361,1897,Elk Grove Village,IL,801 Meacham Rd,Unique store number,0,1
303901,3209,Elk River,MN,18185 Zane St NW,Unique store number,0,1
303459,2679,Elkhart,IN,175 County Road 6 W,Unique store number,0,1
907573,4399,ELKHART,IN,30830 Old Us 20,Unique store number,0,1
304137,1337,Elkin,NC,548 Cc Camp Rd,Unique store number,0,1
305332,1522,Elkins,WV,40 Jett Ln,Unique store number,0,1
304312,2402,Elko,NV,2944 Mountain City Hwy,Unique store number,0,1
2151130,5808,Elsa,TX,411 S Broadway St,Unique store number,0,1
751484,4255,Elyria,OH,1000 Chestnut Commons Dr,Unique store number,0,1
305172,2805,Emporia,VA,303 Market Dr,Unique store number,0,1
303535,557,Emporia,KS,2301 Industrial Rd,Unique store number,0,1
1406480,5886,Encinitas,CA,1550 Leucadia Blvd,Unique store number,0,1
303036,1874,Englewood,FL,2931 S Mccall Rd,Unique store number,0,1
302946,2751,Englewood,CO,601 Englewood Pkwy,Unique store number,0,1
642834,5409,Clayton,OH,7725 Hoke Rd,Unique store number,0,1
2219691,4390,Enid,OK,1018 N Cleveland St,Unique store number,0,1
304514,499,Enid,OK,5505 W Owen K Garriott Rd,Unique store number,0,1
302623,734,Enterprise,AL,600 Boll Weevil Cir,Unique store number,0,1
305138,2794,Ephraim,UT,777 N Main St,Unique store number,0,1
304618,2340,Ephrata,PA,890 E Main St,Unique store number,0,1
305236,3260,Ephrata,WA,1399 Southeast Blvd,Unique store number,0,1
867192,3535,Epping,NH,35 Fresh River Rd,Unique store number,0,1
304619,2278,Erie,PA,1825 Downs Dr,Unique store number,0,1
1825249,2561,Erie,PA,5350 W Ridge Rd,Unique store number,0,1
561044,5445,Erie,PA,2711 Elm St,Unique store number,0,1
303843,2522,Escanaba,MI,601 N Lincoln Rd,Unique store number,0,1
2103607,3084,Escondido,CA,1266 E Valley Pkwy,Unique store number,0,1
1947891,5996,Escondido,CA,1330 E Grand Ave,Unique store number,0,1
1279336,2656,Espanola,NM,1610 N Riverside Dr,Unique store number,0,1
959175,4404,Etters,PA,50 Newberry Pkwy,Unique store number,0,1
303670,773,Eunice,LA,1538 Highway 190,Unique store number,0,1
303194,3570,Evans,GA,4469 Washington Rd,Unique store number,0,1
528762,1456,Evanston,WY,125 N 2nd St,Unique store number,0,1
303460,1263,EVANSVILLE,IN,401 N Burkhardt Rd,Unique store number,0,1
303461,1341,EVANSVILLE,IN,335 S Red Bank Rd,Unique store number,0,1
524472,5372,Evansville,IN,3430 Taylor Ave,Unique store number,0,1
2333648,5452,Evansville,IN,2500 N 1st Ave,Unique store number,0,1
304621,1684,Everett,PA,72 Bedford Sq,Unique store number,0,1
2151095,3053,Everett,WA,1605 SE Everett Mall Way,Unique store number,0,1
2150771,2293,Evergreen,CO,952 Swede Gulch Rd,Unique store number,0,1
680104,5485,Evergreen Park,IL,2500 W 95th St,Unique store number,0,1
303957,195,Excelsior Springs,MO,2203 Patsy Ln,Unique store number,0,1
322243,2167,Exton,PA,270 Indian Run St,Unique store number,0,1
506959,1822,FAJARDO,,,Unmatched,,0
841058,4335,PEYTON,CO,11550 Meridian Market Vw,Unique store number,0,1
303811,2659,Falmouth,ME,206 Us Route 1,Unique store number,0,1
2220299,3600,Fayetteville,NC,970 Strickland Bridge Rd,Unique store number,0,1
303903,1696,Fergus Falls,MN,3300 State Highway 210 W,Unique store number,0,1
303037,977,Fernandina Beach,FL,1385 Amelia Plz,Unique store number,0,1
704468,3840,Findlay,OH,1161 Trenton Ave,Unique store number,0,1
302775,1175,Flagstaff,AZ,2750 S Woodlands Village Blvd,Unique store number,0,1
895732,4252,Flagstaff,AZ,2601 E Huntington Dr,Unique store number,0,1
304264,3291,Flanders,NJ,40 International Dr S,Unique store number,0,1
303363,506,Flora,IL,1540 N Worthey St,Unique store number,0,1
1322543,5963,Flower Mound,TX,2800 Flower Mound Rd,Unique store number,0,1
305274,1643,Fond du Lac,WI,377 N Rolling Meadows Dr,Unique store number,0,1
303282,886,FORT DODGE,IA,3036 1st Ave S,Unique store number,0,1
2333426,2946,Fort Lauderdale,FL,2500 W Broward Blvd,Unique store number,0,1
706597,3625,Fort Lauderdale,FL,3001 N State Road 7,Unique store number,0,1
361852,5033,Fort Morgan,CO,1300 Barlow Rd,Unique store number,0,1
2219684,3635,Fort Oglethorpe,GA,1155 Battlefield Pkwy,Unique store number,0,1
304955,1455,Fort Worth,TX,8401 Anderson Blvd,Unique store number,0,1
2770259,2834,Keller,TX,5336 Golden Triangle Blvd,Unique store number,0,1
304952,2978,Fort Worth,TX,7451 Mccart Ave,Unique store number,0,1
1815435,3044,Fort Worth,TX,2900 Renaissance Sq,Unique store number,0,1
1907805,3135,Fort Worth,TX,717 W Berry St,Unique store number,0,1
670786,3419,Fort Worth,TX,6756 W Vickery Blvd,Unique store number,0,1
553980,5312,Fort Worth,TX,3851 Airport Fwy,Unique store number,0,1
2003865,5764,Haslet,TX,2401 Avondale Haslet Rd,Unique store number,0,1
304958,590,Fort Worth,TX,6300 Oakmont Blvd,Unique store number,0,1
2220293,3043,Keller,TX,4536 Heritage Trace Pkwy,Unique store number,0,1
302949,1273,Fountain,CO,6310 S Us Highway 85 87,Unique store number,0,1
2278602,3018,Colorado Springs,CO,4425 Venetucci Blvd,Unique store number,0,1
787691,4540,Fowlerville,MI,970 Gehringer Dr,Unique store number,0,1
1814795,1217,Franklin,NC,273 Commons Dr,Unique store number,0,1
305275,1551,Franklin,WI,6701 S 27th St,Unique store number,0,1
304265,2090,Franklin,NJ,230 State Rt 23,Unique store number,0,1
305175,2705,Franklin,VA,1500 Armory Dr,Unique store number,0,1
304796,272,Franklin,TN,3600 Mallory Ln,Unique store number,0,1
303595,282,Franklin,KY,1550 Nashville Rd,Unique store number,0,1
303673,311,Franklin,LA,200 Northwest Blvd,Unique store number,0,1
751483,3784,Franklin,OH,1275 E 2nd St,Unique store number,0,1
303466,995,Franklin,IN,2125 N Morton St,Unique store number,0,1
303962,337,Fredericktown,MO,1025 Walton Dr,Unique store number,0,1
304350,1949,Fredonia,NY,10401 Bennett Rd,Unique store number,0,1
2108557,1740,Freeport,IL,2545 Il Route 26 S,Unique store number,0,1
304433,1429,Fremont,OH,2052 N State Route 53,Unique store number,0,1
664120,2989,Fremont,CA,44009 Osgood Rd,Unique store number,0,1
304222,776,Fremont,NE,3010 E 23rd St,Unique store number,0,1
303905,1952,Minneapolis,MN,8450 University Ave NE,Unique store number,0,1
2449617,4203,Fort Mohave,AZ,5210 S Highway 95,Unique store number,0,1
2311808,4063,Fort Myers Beach,FL,17105 San Carlos Blvd,Unique store number,0,1
772546,388,Fort Smith,AR,2100 N 62nd St,Unique store number,0,1
304957,897,Fort Stockton,TX,2610 W Dickinson Blvd,Unique store number,0,1
303041,919,FORT WALTON BEACH,FL,748 Beal Pkwy NW,Unique store number,0,1
528093,2722,Fairbanks,AK,537 Johansen Expy,Unique store number,0,1
304221,418,Fairbury,NE,2831 Highway 15,Unique store number,0,1
305173,2015,FAIRFAX,VA,13059 Fair Lakes Pkwy,Unique store number,0,1
1101171,5880,Fairfax,VA,11181 Lee Hwy,Unique store number,0,1
935476,2048,Fairfield,CA,2701 N Texas St,Unique store number,0,1
303362,454,Fairfield,IL,150 Commerce Dr,Unique store number,0,1
1412789,985,Fairfield,IA,2701 W Burlington Ave,Unique store number,0,1
303736,1906,Fairhaven,MA,42 Fairhaven Commons Way,Unique store number,0,1
764380,4333,Fairhope,AL,10040 County Road 48,Unique store number,0,1
304431,1895,Akron,OH,3750 W Market St,Unique store number,0,1
305333,1714,Fairmont,WV,32 Tygart Mall Loop,Unique store number,0,1
764550,3806,Fairmont,MN,1250 Goemann Rd,Unique store number,0,1
2083154,3137,Fairview,TN,7100 Hopgood Rd,Unique store number,0,1
1935895,3560,Fall River,MA,638 Quequechan St,Unique store number,0,1
304313,2453,Fallon,NV,2333 Reno Hwy,Unique store number,0,1
932304,3780,Fallston,MD,303 FALLSTON BLVD,Unique store number,0,1
304212,1581,Fargo,ND,4731 13th Ave S,Unique store number,0,1
866922,4352,Fargo,ND,3757 55th Ave S,Unique store number,0,1
303902,1657,Faribault,MN,150 Western Ave NW,Unique store number,0,1
1339463,5624,Dallas,TX,13100 Josey Ln,Unique store number,0,1
303671,1110,Farmerville,LA,833 Sterlington Hwy,Unique store number,0,1
1100984,5295,Farmingdale,NY,965 Broadhollow Rd,Unique store number,0,1
303812,1866,Farmington,ME,615 Wilton Rd,Unique store number,0,1
703395,3428,Farmington,NM,1400 W Main St,Unique store number,0,1
303958,37,Farmington,MO,707 Walton Dr,Unique store number,0,1
2303766,7242,Farmington,AR,367 W Main St,Unique store number,0,1
304299,826,Farmington,NM,4600 E Main St,Unique store number,0,1
305174,1486,Farmville,VA,1800 Peery Dr,Unique store number,0,1
302626,1052,Fayette,AL,3186 Highway 171 N,Unique store number,0,1
304138,1238,Fayetteville,NC,1550 Skibo Rd,Unique store number,0,1
304139,1261,Fayetteville,NC,4601 Ramsey St,Unique store number,0,1
2108547,1360,Fayetteville,WV,204 Town Center Rd,Unique store number,0,1
2108550,144,Fayetteville,AR,2875 W Martin Luther King Blvd,Unique store number,0,1
302709,2745,Fayetteville,AR,2690 E Citizens Dr,Unique store number,0,1
907537,2997,Fayetteville,,,Unmatched,,0
304795,314,Fayetteville,TN,1224 Huntsville Hwy,Unique store number,0,1
2311799,3411,Fayetteville,NC,8660 Cliffdale Rd,Unique store number,0,1
302710,359,Fayetteville,AR,3919 N Mall Ave,Unique store number,0,1
312439,3595,Fayetteville,NC,7701 S Raeford Rd,Unique store number,0,1
2360427,4516,Fayetteville,AR,660 W Martin Luther King Blvd,Unique store number,0,1
984818,5737,Fayetteville,AR,3475 Black Forest Dr,Unique store number,0,1
303195,594,Fayetteville,GA,125 Pavilion Pkwy,Unique store number,0,1
2338381,6879,Fayetteville,NC,2820 Gillespie St,Unique store number,0,1
746322,3794,Federal Way,WA,34520 16th Ave S,Unique store number,0,1
303844,2693,Fenton,MI,3700 Owen Rd,Unique store number,0,1
303959,805,Fenton,MO,653 Gravois Bluffs Blvd,Unique store number,0,1
787644,4370,Fernley,NV,1550 Newlands Dr E,Unique store number,0,1
303961,69,FESTUS,MO,650 S Truman Blvd,Unique store number,0,1
304432,1718,Findlay,OH,2500 Tiffin Ave,Unique store number,0,1
303462,1557,Fishers,IN,8300 E 96th St,Unique store number,0,1
2083133,5767,Fishers,IN,9354 Ambleside Dr,Unique store number,0,1
832976,1810,Fishkill,NY,26 W Merritt Blvd,Unique store number,0,1
303196,686,Fitzgerald,GA,120 Benjamin H Hill Dr W,Unique store number,0,1
866919,2294,Flemington,NJ,152 State Route 31,Unique store number,0,1
303845,1928,Flint,MI,4313 Corunna Rd,Unique store number,0,1
302711,1147,Flippin,AR,168 Walmart Dr,Unique store number,0,1
303593,1510,Florence,KY,7625 Doering Dr,Unique store number,0,1
304721,2703,Florence,SC,2014 S Irby St,Unique store number,0,1
2219686,3638,Florence,SC,804 S Cashua Dr,Unique store number,0,1
2083141,4187,Florence,AL,2701 Cloverdale Rd,Unique store number,0,1
1915372,4188,Florence,AL,1410 Florence Blvd,Unique store number,0,1
832025,630,Florence,SC,230 N Beltline Dr,Unique store number,0,1
302627,766,Florence,AL,3100 Hough Rd,Unique store number,0,1
1052062,465,Floresville,TX,305 10th St,Unique store number,0,1
2293408,5927,Florissant,MO,3390 N Highway 67,Unique store number,0,1
897385,2755,Flowood,MS,5341 Highway 25,Unique store number,0,1
302628,904,FOLEY,AL,2200 S Mckenzie St,Unique store number,0,1
302835,1760,Folsom,CA,1018 Riley St,Unique store number,0,1
528795,1756,Fontana,CA,17251 Foothill Blvd,Unique store number,0,1
302837,2218,Foothill Ranch,CA,26502 Towne Centre Dr,Unique store number,0,1
302712,339,Fordyce,AR,1123 Highway 79 167 Byp,Unique store number,0,1
304054,1059,Forest,MS,1309 Highway 35 S,Unique store number,0,1
2303774,3603,Forest,VA,16807 Forest Rd,Unique store number,0,1
304190,1036,FOREST CITY,NC,197 Plaza Dr,Unique store number,0,1
303904,2274,Forest Lake,MN,200 12th St SW,Unique store number,0,1
303364,2204,Forest Park,IL,1300 Des Plaines Ave,Unique store number,0,1
646592,5191,Forney,TX,802 E Us Highway 80,Unique store number,0,1
302713,91,Forrest City,AR,205 Deadrick Rd,Unique store number,0,1
303197,907,Forsyth,GA,180 N Lee St,Unique store number,0,1
302948,2729,FORT COLLINS,CO,1250 E Magnolia St,Unique store number,0,1
1915392,3177,FORT COLLINS,CO,4625 S Mason St,Unique store number,0,1
303870,1611,Fort Gratiot,MI,4845 24th Ave,Unique store number,0,1
2356063,3359,Fort Mill,SC,500 N Dobys Bridge Rd,Unique store number,0,1
451294,5034,Fort Myers,FL,4770 Colonial Blvd,Unique store number,0,1
773981,5321,Fort Myers,FL,9131 College Pkwy Ste 101,Unique store number,0,1
2258605,5347,Estero,FL,19975 S Tamiami Trl,Unique store number,0,1
303039,987,Fort Myers,FL,14821 6 Mile Cypress Pkwy,Unique store number,0,1
303198,1458,Fort Oglethorpe,GA,3040 Battlefield Pkwy,Unique store number,0,1
302629,691,Fort Payne,AL,2001 Glenn Blvd SW,Unique store number,0,1
303040,973,Fort Pierce,FL,5100 Okeechobee Rd,Unique store number,0,1
896845,39,Fort Scott,KS,2500 S Main St,Unique store number,0,1
302716,125,Fort Smith,AR,2425 S Zero St,Unique store number,0,1
156136,141,Fort Smith,AR,8301 Rogers Ave,Unique store number,0,1
302714,2744,Fort Smith,AR,4900 Rogers Ave Ste 101J,Unique store number,0,1
2311821,4579,Fort Smith,AR,8600 US Hwy 71,Unique store number,0,1
303463,1419,Fort Wayne,IN,5311 Coldwater Rd,Unique store number,0,1
303464,1804,Fort Wayne,IN,1710 Apple Glen Blvd,Unique store number,0,1
801446,4230,Fort Wayne,IN,10105 Lima Rd,Unique store number,0,1
706600,4231,Fort Wayne,IN,7502 Southtown Crossing Blvd,Unique store number,0,1
460174,5025,Fort Wayne,IN,10420 Maysville Rd,Unique store number,0,1
703473,3773,Fort Worth,TX,9500 Clifford St,Unique store number,0,1
561040,2967,Fort Mitchell,KY,3450 Valley Plaza Pkwy,Unique store number,0,1
312114,2902,Framingham,MA,121 Worcester Rd,Unique store number,0,1
303594,720,Frankfort,KY,301 Leonardwood Rd,Unique store number,0,1
303465,854,Frankfort,IN,2460 E Wabash St,Unique store number,0,1
303783,2233,Frederick,MD,7400 Guilford Dr,Unique store number,0,1
303784,2756,Frederick,MD,2421 Monocacy Blvd,Unique store number,0,1
304953,1154,Fredericksburg,TX,1435 E Main St,Unique store number,0,1
305176,1833,Fredericksburg,VA,1800 Carl D Silver Pkwy,Unique store number,0,1
305177,2520,Fredericksburg,VA,125 Washington Square Plz,Unique store number,0,1
866921,4258,Fredericksburg,VA,11 Village Pkwy,Unique store number,0,1
642832,5343,Fredericksburg,VA,10001 Southpoint Pkwy,Unique store number,0,1
680085,3236,Freehold,NJ,326 W Main St,Unique store number,0,1
303846,1791,Fremont,MI,7083 W 48th St,Unique store number,0,1
2852007,1815,Fresno,CA,4080 W Shaw Ave,Unique store number,0,1
302838,2001,Fresno,CA,5125 E Kings Canyon Rd,Unique store number,0,1
2258739,2689,Fresno,CA,3131 N Cedar Ave,Unique store number,0,1
302839,2985,Fresno,CA,7065 N Ingram Ave,Unique store number,0,1
2208305,5632,Fresno,CA,1804 E Ashlan Ave,Unique store number,0,1
1947876,5634,Fresno,CA,6855 N Willow Ave,Unique store number,0,1
304954,1062,Friendswood,TX,150 W El Dorado Blvd,Unique store number,0,1
2608046,202,Frisco,TX,16066 State Highway 121,Unique store number,0,1
2573351,2463,Frisco,TX,355 Stonebrook Pkwy,Unique store number,0,1
4371025,263,Frisco,TX,16600 FM 423,Unique store number,0,1
2303778,3777,Frisco,TX,12220 Fm 423,Unique store number,0,1
942371,5866,Frisco,TX,8555 Preston Rd,Unique store number,0,1
302950,986,Frisco,CO,840 Summit Blvd,Unique store number,0,1
616845,5105,Front Royal,VA,10 Riverton Commons Dr,Unique store number,0,1
1947880,5819,Saint Johns,FL,445 State Road 13,Unique store number,0,1
303800,2931,Salisbury,MD,409 N Fruitland Blvd,Unique store number,0,1
304956,2979,Fort Worth,TX,7401 Park Vista Blvd,Unique store number,0,1
533860,2980,Keller,TX,8520 N Beach St,Unique store number,0,1
2190444,4165,Fort Worth,TX,2245 Jacksboro Hwy,Unique store number,0,1
2360424,7251,Fort Worth,TX,7800 Summer Creek Dr,Unique store number,0,1
303596,106,FULTON,KY,1405 Middle Rd,Unique store number,0,1
304055,273,FULTON,MS,100 Interchange Dr,Unique store number,0,1
787671,3332,FULTON,NY,1818 State Route 3,Unique store number,0,1
303963,51,FULTON,MO,1701 N Bluff St,Unique store number,0,1
304141,2836,Fuquay Varina,NC,1051 E Broad St,Unique store number,0,1
304797,674,Gallatin,TN,1112 Nashville Pike,Unique store number,0,1
2151117,4171,Garden Grove,CA,11822 Gilbert St,Unique store number,0,1
1815427,5864,Gardnerville,NV,1511 Grant Ave,Unique store number,0,1
304142,1385,GASTONIA,NC,3000 E Franklin Blvd,Unique store number,0,1
533864,5298,GASTONIA,NC,223 N Myrtle School Rd,Unique store number,0,1
2220318,7062,GASTONIA,NC,2324 S New Hope Rd,Unique store number,0,1
2846145,1966,Geneseo,NY,4235 Veteran Dr,Unique store number,0,1
303367,957,Geneseo,IL,125 E Bestor Dr,Unique store number,0,1
305179,1523,Glen Allen,VA,11400 W Broad St,Unique store number,0,1
303787,2279,Glen Burnie,MD,6721 Chesapeake Center Dr,Unique store number,0,1
303368,256,Glen Carbon,IL,400 Junction Dr,Unique store number,0,1
646180,5495,Glenolden,PA,50 N Macdade Blvd,Unique store number,0,1
304354,2116,QUEENSBURY,NY,891 State Route 9,Unique store number,0,1
305180,1759,Gloucester,VA,6819 Waltons Ln,Unique store number,0,1
906987,4695,Godfrey,IL,6660 Godfrey Rd,Unique store number,0,1
304969,290,GONZALES,TX,1114 E Sarah Dewitt Dr,Unique store number,0,1
303675,532,GONZALES,LA,308 N Airline Hwy,Unique store number,0,1
303538,2562,Goodland,KS,2160 Commerce Rd,Unique store number,0,1
744843,3604,Goodyear,AZ,14200 W Indian School Rd,Unique store number,0,1
867190,2634,Gorham,NH,561 Main St,Unique store number,0,1
304970,353,Graham,TX,2121 State Highway 16 S,Unique store number,0,1
304971,371,GRANBURY,TX,735 E Us Highway 377,Unique store number,0,1
304223,1326,Grand Island,NE,2250 N Diers Ave,Unique store number,0,1
787686,4410,GRANITE FALLS,NC,4780 Hickory Blvd,Unique store number,0,1
304105,2455,Great Falls,MT,701 Smelter Ave NE,Unique store number,0,1
2449383,7199,Great Falls,MT,5320 10th Ave S,Unique store number,0,1
406463,5051,Greeley,CO,920 47th Ave,Unique store number,0,1
302954,980,Greeley,CO,3103 S 23rd Ave,Unique store number,0,1
856509,1411,Green Valley,AZ,18680 S Nogales Hwy,Unique store number,0,1
2303800,5758,Lake Worth,FL,3911 S Jog Rd,Unique store number,0,1
705112,3658,Greensboro,NC,2107 Pyramid Village Blvd,Unique store number,0,1
2219713,7222,Greenville,NC,2830 Gateway Dr,Unique store number,0,1
303283,647,Grinnell,IA,415 Industrial Ave,Unique store number,0,1
304627,2008,Grove City,PA,1566 W Main Street Ext,Unique store number,0,1
595471,5466,Grove City,OH,1693 Stringtown Rd,Unique store number,0,1
304974,449,Port Arthur,TX,4999 N Twin City Hwy,Unique store number,0,1
1097965,3303,Grundy,VA,1179 Riverview St,Unique store number,0,1
506071,2072,GUAYAMA,,,Unmatched,,0
303044,2533,Gulf Breeze,FL,3767 Gulf Breeze Pkwy,Unique store number,0,1
1339462,5623,Gulf Breeze,FL,334 Gulf Breeze Pkwy,Unique store number,0,1
2333656,6165,Gulfport,MS,1733 E Pass Rd,Unique store number,0,1
2278614,6323,Gulfport,MS,11333 Highway 49,Unique store number,0,1
304059,969,Gulfport,MS,9350 Highway 49,Unique store number,0,1
304975,516,Mabank,TX,1200 W Main St,Unique store number,0,1
302630,301,Gadsden,AL,340 E Meighan Blvd,Unique store number,0,1
304722,638,Gaffney,SC,165 Walton Dr,Unique store number,0,1
303043,1081,Gainesville,FL,2900 SW 42nd St,Unique store number,0,1
304959,185,Gainesville,TX,1800 Lawrence St,Unique store number,0,1
2219675,2699,Gainesville,GA,1435 Thompson Bridge Rd,Unique store number,0,1
2219676,2731,Gainesville,GA,2892 Browns Bridge Rd,Unique store number,0,1
787902,3877,Gainesville,FL,1800 NE 12th Ave,Unique store number,0,1
303199,510,Gainesville,GA,400 Shallowford Rd NW,Unique store number,0,1
1816116,538,Gainesville,FL,5700 NW 23rd St,Unique store number,0,1
305178,1023,Galax,VA,1140 E Stuart Dr,Unique store number,0,1
615586,5044,Galena,IL,10000 Bartel Blvd,Unique store number,0,1
1406354,775,Galesburg,IL,659 Knox Square Dr,Unique store number,0,1
304434,2605,Gallipolis,OH,2145 Eastern Ave,Unique store number,0,1
304300,906,Gallup,NM,1650 W Maloney Ave,Unique store number,0,1
2143561,5231,Galt,CA,10470 Twin Cities Rd,Unique store number,0,1
304960,504,Galveston,TX,6702 Seawall Blvd,Unique store number,0,1
322246,2861,Garden City,ID,7319 W State St,Unique store number,0,1
2311825,4625,Garden City,KS,2424 N Taylor Ave,Unique store number,0,1
303537,652,Garden City,KS,3101 E Kansas Ave,Unique store number,0,1
302631,1201,Gardendale,AL,890 Odum Rd,Unique store number,0,1
303738,2155,Gardner,MA,677 Timpany Blvd,Unique store number,0,1
832032,5307,Gardner,KS,1725 E Santa Fe St,Unique store number,0,1
893490,5752,Garfield,NJ,174 Passaic St,Unique store number,0,1
897364,1055,GARLAND,TX,5302 N Garland Ave,Unique store number,0,1
832983,1800,GARLAND,TX,1801 Marketplace Dr,Unique store number,0,1
2083149,2433,GARLAND,TX,101 W Buckingham Rd,Unique store number,0,1
201697,2975,Garland,TX,3959 Broadway Blvd,Unique store number,0,1
249068,3224,Garland,TX,555 W Interstate 30,Unique store number,0,1
2103613,4046,GARLAND,TX,1855 S Garland Ave,Unique store number,0,1
864832,5743,Garner,NC,5141 NC Highway 42 W,Unique store number,0,1
304965,476,Gatesville,TX,2805 S State Highway 36,Unique store number,0,1
303847,1542,Gaylord,MI,950 Edelweiss Village Pkwy,Unique store number,0,1
302632,1063,Geneva,AL,1608 W Magnolia Ave,Unique store number,0,1
304353,1731,Geneva,NY,990 State Route 5 And 20,Unique store number,0,1
897366,1303,Georgetown,TX,620 S Interstate 35,Unique store number,0,1
303000,2791,Georgetown,DE,4 College Park Ln,Unique store number,0,1
303597,571,Georgetown,KY,112 Osbourne Way,Unique store number,0,1
304723,625,Georgetown,SC,1310 N Fraser St,Unique store number,0,1
2103643,7259,Georgetown,,,Unmatched,,0
305290,1515,Germantown,WI,W190N9855 Appleton Ave,Unique store number,0,1
303785,2357,Germantown,MD,20910 Frederick Rd,Unique store number,0,1
304623,1537,Gettysburg,PA,1270 York Rd,Unique store number,0,1
304624,2603,Gibsonia,PA,300 Walmart Dr,Unique store number,0,1
684693,5300,Gibsonton,FL,9205 Gibsonton Dr,Unique store number,0,1
304967,473,Giddings,TX,2374 E Austin St,Unique store number,0,1
764446,3861,Gilbert,AZ,5290 S Power Rd,Unique store number,0,1
615590,5186,Gilbert,AZ,2501 S Market St,Unique store number,0,1
304243,2639,Gilford,NH,1458 Lake Shore Rd,Unique store number,0,1
305360,1485,Gillette,WY,2300 S Douglas Hwy,Unique store number,0,1
304968,146,Gilmer,TX,1102 Us Highway 271 N,Unique store number,0,1
832967,2002,Gilroy,CA,7150 Camino Arroyo,Unique store number,0,1
303964,1120,Kansas City,MO,7207 N M1 Hwy,Unique store number,0,1
303598,711,Glasgow,KY,2345 Happy Valley Rd,Unique store number,0,1
303369,1848,Glen Ellyn,IL,3S100 Il Route 53,Unique store number,0,1
302776,1532,Glendale,AZ,5845 W Bell Rd,Unique store number,0,1
361844,3241,Glendale,AZ,18551 N 83rd Ave,Unique store number,0,1
646633,3314,Glendale,AZ,7450 W Glendale Ave,Unique store number,0,1
378063,3465,Glendale,AZ,5010 N 95th Ave,Unique store number,0,1
907517,3844,Glendale,AZ,5137 W Olive Ave,Unique store number,0,1
773972,3845,Glendale,AZ,6645 W Peoria Ave,Unique store number,0,1
528095,5124,Glendale,AZ,5605 W Northern Ave,Unique store number,0,1
302842,1941,Glendora,CA,1950 Auto Centre Dr,Unique store number,0,1
513544,3583,GLENMONT,NY,311 Route 9w,Unique store number,0,1
2150764,4615,Glenpool,OK,12200 S Waco Ave,Unique store number,0,1
304355,2874,Schenectady,NY,200 Dutch Meadows Ln,Unique store number,0,1
302951,1095,Glenwood Springs,CO,3010 Blake Ave,Unique store number,0,1
1947897,1806,Gloversville,NY,329 S Kingsboro Ave Ext,Unique store number,0,1
1815430,3103,Goddard,KS,18631 W Kellogg Dr,Unique store number,0,1
304143,1236,Goldsboro,NC,1002 N Spence Ave,Unique store number,0,1
770082,4564,Goldsboro,NC,2908 Us Highway 70 W,Unique store number,0,1
2219722,7334,Goldsboro,NC,4350 Us Highway 70 E,Unique store number,0,1
2278615,7340,Goldsboro,NC,1144 Tommys Rd,Unique store number,0,1
670776,5369,Goodyear,AZ,1100 N Estrella Pkwy,Unique store number,0,1
304724,2928,Goose Creek,SC,605 Saint James Ave,Unique store number,0,1
2219687,3646,Goose Creek,SC,1635 Red Bank Rd,Unique store number,0,1
2278612,3899,Goose Creek,SC,215 Saint James Ave,Unique store number,0,1
866913,4682,Gordonsville,VA,164 Camp Creek Pkwy,Unique store number,0,1
303468,1378,Goshen,IN,2304 Lincolnway E,Unique store number,0,1
303467,1566,Goshen,IN,4024 Elkhart Rd Ste 2,Unique store number,0,1
305334,2833,Grafton,WV,1 Walmart Ln,Unique store number,0,1
680093,3726,Grand Blanc,MI,6170 S Saginaw Rd,Unique store number,0,1
304213,1545,Grand Forks,ND,2551 32nd Ave S,Unique store number,0,1
2104749,5806,Grand Forks,ND,5755 Gateway Dr,Unique store number,0,1
764457,5386,Grand Haven,MI,14700 Us Highway 31,Unique store number,0,1
654797,3395,Grand Island,NE,3501 S Locust St,Unique store number,0,1
302953,1280,Grand Junction,CO,2881 North Ave,Unique store number,0,1
2311815,4491,Grand Junction,CO,541 Warrior Way,Unique store number,0,1
499067,5099,Grand Junction,CO,2545 Rimrock Ave,Unique store number,0,1
2449614,4503,Grand Prairie,TX,2650 S State Highway 161,Unique store number,0,1
304972,896,Grand Prairie,TX,2225 W Interstate 20,Unique store number,0,1
303906,1609,Grand Rapids,MN,100 SE 29th St,Unique store number,0,1
303849,2567,Grandville,MI,4542 Kenowa Ave SW,Unique store number,0,1
303370,1761,Granite City,IL,379 W Pontoon Rd,Unique store number,0,1
304301,2652,Grants,NM,1000 Robert Rd,Unique store number,0,1
304576,1834,Grants Pass,OR,135 NE Terry Ln,Unique store number,0,1
2149281,7238,Grantsboro,NC,11233B Nc 55 Hwy E,Unique store number,0,1
305104,266,Grapevine,TX,1601 W State Highway 114,Unique store number,0,1
1331110,770,Great Bend,KS,3503 10th St,Unique store number,0,1
304357,1610,Rochester,NY,100 Elmridge Center Dr,Unique store number,0,1
1490969,5282,Rochester,NY,3800 Dewey Ave,Unique store number,0,1
305276,1453,Green Bay,WI,2440 W Mason St,Unique store number,0,1
305277,1908,Green Bay,WI,2292 Main St,Unique store number,0,1
2192632,7317,Greenbrier,AR,75 S Broadview St,Unique store number,0,1
303469,902,Greencastle,IN,1750 Indianapolis Rd,Unique store number,0,1
1815436,5668,Greendale,WI,5301 S 76th St,Unique store number,0,1
304799,680,Greeneville,TN,3755 E Andrew Johnson Hwy,Unique store number,0,1
303470,1141,Greenfield,IN,1965 N State St,Unique store number,0,1
305278,1394,Milwaukee,WI,10600 W Layton Ave,Unique store number,0,1
304144,1498,GREENSBORO,NC,3738 Battleground Ave,Unique store number,0,1
304145,1842,GREENSBORO,NC,4424 W Wendover Ave,Unique store number,0,1
1995890,5014,Greensboro,NC,3605 W Gate City Blvd,Unique store number,0,1
670774,5320,Greensboro,NC,121 W Elmsley St,Unique store number,0,1
2333645,5393,Greensboro,NC,1050 Alamance Church Rd,Unique store number,0,1
2258788,6176,Greensboro,NC,5611 W Friendly Ave,Unique store number,0,1
303471,1180,Greensburg,IN,790 Greensburg Commons Ctr,Unique store number,0,1
304625,2059,Greensburg,PA,2200 Greengate Centre Cir,Unique store number,0,1
304727,1244,Taylors,SC,3027 Wade Hampton Blvd,Unique store number,0,1
304146,1379,Greenville,NC,210 SW Greenville Blvd,Unique store number,0,1
302633,1462,Greenville,AL,501 Willow Ln,Unique store number,0,1
304056,182,Greenville,MS,1831 S Dr ML King Blvd,Unique store number,0,1
304435,2035,Greenville,OH,1501 Wagner Ave,Unique store number,0,1
2046272,2328,Greenville,SC,2014 Wade Hampton Blvd,Unique store number,0,1
304626,2674,Greenville,PA,45 Williamson Rd,Unique store number,0,1
1824970,3192,Greenville,SC,11410 Anderson Rd,Unique store number,0,1
646598,3328,Greenville,MI,10772 W Carson City Rd,Unique store number,0,1
304973,427,Greenville,TX,7401 Interstate Highway 30,Unique store number,0,1
2219693,4452,Greenville,SC,5009 Old Buncombe Rd,Unique store number,0,1
2311810,4453,Greenville,TX,4715 Wesley St,Unique store number,0,1
826932,4583,Greenville,SC,3925 Pelham Rd,Unique store number,0,1
1947797,5851,Greenville,NC,4600 E 10th St,Unique store number,0,1
304725,640,Greenville,SC,1451 Woodruff Rd,Unique store number,0,1
304726,641,Greenville,SC,6134 White Horse Rd,Unique store number,0,1
2258789,7337,Greenville,NC,1826 E Arlington Blvd,Unique store number,0,1
304728,1382,Greenwood,SC,508 Bypass 72 NW,Unique store number,0,1
377784,3231,Greenwood,AR,551 Liberty Dr,Unique store number,0,1
684688,3435,Greenwood,IN,1133 N Emerson Rd,Unique store number,0,1
2258606,5483,Greenwood,IN,882 S State Road 135,Unique store number,0,1
2265895,6887,Greenwood,SC,300 Bypass 25 NE,Unique store number,0,1
304057,716,Greenwood,MS,2202 Highway 82 W,Unique store number,0,1
304729,2687,Greer,SC,14055 E Wade Hampton Blvd,Unique store number,0,1
1824979,4145,Greer,SC,805 W Wade Hampton Blvd Ste B,Unique store number,0,1
304058,1074,Grenada,MS,1655 Sunset Dr,Unique store number,0,1
1824047,3178,Gresham,OR,2444 E Powell Blvd,Unique store number,0,1
1453627,5627,Gresham,OR,3900 W Powell Blvd,Unique store number,0,1
894627,4600,Gretna,NE,11350 Wickersham Blvd,Unique store number,0,1
2333633,5102,Gretna,LA,99 Westbank Expy,Unique store number,0,1
303200,932,Griffin,GA,1569 N Expressway,Unique store number,0,1
893845,5748,Grimes,IA,2150 E 1st St,Unique store number,0,1
302981,2200,Groton,CT,150 Gold Star Hwy,Unique store number,0,1
304515,90,GROVE,OK,2115 S Main St,Unique store number,0,1
866829,5735,Grovetown,GA,5010 Steiner Way,Unique store number,0,1
2455540,7339,Grovetown,GA,5303 Wrightsboro Rd Ste A,Unique store number,0,1
544549,2748,Gulf Shores,AL,170 E Fort Morgan Rd,Unique store number,0,1
302955,1550,Gunnison,CO,900 N Main St Bldg A,Unique store number,0,1
302634,681,Guntersville,AL,11697 Us Highway 431,Unique store number,0,1
303371,1668,Gurnee,IL,6590 Grand Ave,Unique store number,0,1
304516,108,Guthrie,OK,1608 S Division St,Unique store number,0,1
1339424,1437,Guymon,OK,2600 N Highway 64,Unique store number,0,1
859643,2128,Halifax,MA,295 Plymouth St,Unique store number,0,1
303046,1996,Hallandale,FL,2551 E Hallandale Beach Blvd,Unique store number,0,1
869796,2405,Hamburg,NY,5360 Southwestern Blvd,Unique store number,0,1
932303,4612,Hamburg,PA,1800 Tilden Ridge Dr,Unique store number,0,1
304267,2254,HAMMONTON,NJ,55 S White Horse Pike,Unique store number,0,1
2208411,3156,Hampton,VA,117 Market Place Dr,Unique store number,0,1
303600,1743,Harlan,KY,201 Waldon Dr,Unique store number,0,1
303966,96,Harrisonville,MO,1700 N State Route 291,Unique store number,0,1
615588,5095,Hartford,CT,495 Flatbush Ave,Unique store number,0,1
787696,5463,Hartford,WI,1220 Theil St,Unique store number,0,1
821342,1211,Harvard,IL,21101 Mcguire Rd,Unique store number,0,1
303680,2706,Harvey,LA,1501 Manhattan Blvd,Unique store number,0,1
832008,5722,Harvey,LA,3265 Manhattan Blvd,Unique store number,0,1
506852,1854,HATILLO,,,Unmatched,,0
746339,4247,Havre,MT,3510 Us Highway 2 W,Unique store number,0,1
303540,664,Hays,KS,4301 Vine St,Unique store number,0,1
305279,3245,HAYWARD,WI,15594 State Road 77,Unique store number,0,1
2219515,6878,Hazel Green,AL,14595 Highway 231 431 N,Unique store number,0,1
787666,954,Hazlehurst,MS,527 Lake St,Unique store number,0,1
1831098,3057,Helotes,TX,12550 Leslie Rd,Unique store number,0,1
302844,1853,Hemet,CA,1231 S Sanderson Ave,Unique store number,0,1
304148,1242,Hendersonville,NC,250 Highlands Square Dr,Unique store number,0,1
304800,1376,Hendersonville,TN,204 N Anderson Ln,Unique store number,0,1
304518,247,Henryetta,OK,605 E Main St,Unique store number,0,1
303908,1757,Duluth,MN,4740 Mall Dr,Unique store number,0,1
2437982,7156,Hewitt,TX,733 Sun Valley Blvd,Unique store number,0,1
303909,2937,Hibbing,MN,12080 Highway 169 W,Unique store number,0,1
2219720,7315,Hickory,NC,483 Us Highway 70 SW,Unique store number,0,1
303967,326,HIGGINSVILLE,MO,1180 W 19th St,Unique store number,0,1
1412780,313,High Ridge,MO,2700 Ridge Point Dr,Unique store number,0,1
304151,1191,Hillsborough,NC,501 Hampton Pt,Unique store number,0,1
304981,211,Hillsboro,TX,401 Coke Ave,Unique store number,0,1
2333665,2590,Beaverton,OR,7650 NE Shaleen St,Unique store number,0,1
326852,3515,Hillsboro,OH,540 Harry Sauner Rd,Unique store number,0,1
1030467,1907,Hinsdale,NH,724 Brattleboro Rd,Unique store number,0,1
303204,618,Hiram,GA,4166 Jimmy Lee Smith Pkwy,Unique store number,0,1
304520,210,Holdenville,OK,500 Hwy 270 E,Unique store number,0,1
1352919,1698,Hooksett,NH,3 Commerce Dr,Unique store number,0,1
304362,2326,Hornell,NY,1000 State Route 36,Unique store number,0,1
304334,1976,Horseheads,NY,1400 County Rd 64,Unique store number,0,1
303853,2014,HOUGHTON LAKE,MI,2129 W Houghton Lake Dr,Unique store number,0,1
303813,1974,Houlton,ME,17 Ludlow Rd,Unique store number,0,1
1797928,5959,Houston,TX,111 Yale St,Unique store number,0,1
304439,1495,Dayton,OH,7680 Brandt Pike,Unique store number,0,1
506116,2240,HUMACAO,,,Unmatched,,0
304803,120,Humboldt,TN,2716 N Central Ave,Unique store number,0,1
304266,2503,Hackettstown,NJ,1885 State Route 57 Ste 100,Unique store number,0,1
303739,2683,Hadley,MA,337 Russell St,Unique store number,0,1
303788,1674,Hagerstown,MD,17850 Garland Groh Blvd,Unique store number,0,1
2573123,2790,Hagerstown,MD,10420 Walmart Dr,Unique store number,0,1
303045,725,Haines City,FL,36205 Hwy 27,Unique store number,0,1
302635,409,Haleyville,AL,42466 Highway 195,Unique store number,0,1
304976,1067,Hallettsville,TX,1506 N Texana St,Unique store number,0,1
312437,3545,Hamden,CT,2300 Dixwell Ave,Unique store number,0,1
302636,1100,Hamilton,AL,1706 Military St S,Unique store number,0,1
304436,2441,Hamilton,OH,1505 Main St,Unique store number,0,1
377781,2518,Robbinsville,NJ,700 Marketplace Blvd,Unique store number,0,1
703494,3502,Hamilton,OH,3201 Princeton Rd,Unique store number,0,1
2386010,5012,Trenton,NJ,1750 Nottingham Way,Unique store number,0,1
2303772,2818,Hammond,IN,7850 Cabela Dr,Unique store number,0,1
1101294,4631,Hammond,IN,1100 5th Ave,Unique store number,0,1
303677,489,Hammond,LA,2799 W Thomas St,Unique store number,0,1
303789,2850,Hampstead,MD,2320 N Hanover Pike,Unique store number,0,1
2303776,7162,Hampstead,NC,420 Fun Center Dr,Unique store number,0,1
305181,1631,Hampton,VA,1900 Cunningham Dr,Unique store number,0,1
615602,5363,Hampton,GA,11465 Tara Blvd,Unique store number,0,1
302843,1645,Hanford,CA,250 S 12th Ave,Unique store number,0,1
303965,609,Hannibal,MO,3650 Stardust Dr,Unique store number,0,1
304628,1823,Hanover,PA,495 Eisenhower Dr,Unique store number,0,1
312115,3490,Hanover,MD,7081 Arundel Mills Cir,Unique store number,0,1
746351,5469,Hanover,PA,1881 Baltimore Pike,Unique store number,0,1
303619,655,Hanson,KY,420 Factory Outlet Dr,Unique store number,0,1
645184,5440,Happy Valley,OR,10000 SE 82nd Ave,Unique store number,0,1
303678,1353,New Orleans,LA,5110 Jefferson Hwy,Unique store number,0,1
513539,3281,Harborcreek,PA,5741 Buffalo Rd,Unique store number,0,1
304730,2832,Hardeeville,SC,4400 Us Highway 278,Unique store number,0,1
303599,760,Hardinsburg,KY,1002 Old Highway 60,Unique store number,0,1
645178,3319,Harker Heights,TX,2020 Heights Dr,Unique store number,0,1
2199150,6459,Harker Heights,TX,960 E Fm 2410 Rd,Unique store number,0,1
304629,2236,Harleysville,PA,651 Main St,Unique store number,0,1
304977,595,Harlingen,TX,1801 W Lincoln St,Unique store number,0,1
304630,1591,Harrisburg,PA,6535 Grayson Rd,Unique store number,0,1
827976,237,Harrisburg,IL,710 S Commercial St,Unique store number,0,1
1331107,2,Harrison,AR,161 N Walmart Dr,Unique store number,0,1
305182,1726,Harrisonburg,VA,171 Burgess Rd,Unique store number,0,1
305183,2807,Harrisonburg,VA,2160 John Wayland Hwy,Unique store number,0,1
303601,519,Harrodsburg,KY,591 Joseph Dr,Unique store number,0,1
302637,1124,Hartselle,AL,1201 Highway 31 NW,Unique store number,0,1
304731,1135,Hartsville,SC,1150 S 4th St,Unique store number,0,1
303201,1111,Hartwell,GA,1572 Anderson Hwy,Unique store number,0,1
304224,1460,Hastings,NE,3803 Osborne Dr W,Unique store number,0,1
303907,1472,Hastings,MN,1752 N Frontage Rd,Unique store number,0,1
303850,2620,Hastings,MI,1618 W M 43 Hwy,Unique store number,0,1
304633,2445,Hatfield,PA,1515 Bethlehem Pike,Unique store number,0,1
304061,2717,Hattiesburg,MS,5901 U S Highway 49,Unique store number,0,1
304060,916,Hattiesburg,MS,6072 U S Highway 98,Unique store number,0,1
787676,3825,Havelock,NC,566 Us Highway 70 W,Unique store number,0,1
1947887,5604,Hawthorne,CA,14441 Inglewood Ave,Unique store number,0,1
616795,3511,Hayden,ID,550 W Honeysuckle Ave,Unique store number,0,1
1490976,3077,Haymarket,VA,6530 Trading Sq,Unique store number,0,1
303602,1247,Hazard,KY,120 Daniel Boone Plz,Unique store number,0,1
303202,1061,Hazlehurst,GA,136 E Jarman St,Unique store number,0,1
882721,2255,Hazleton,PA,761 Airport Rd,Unique store number,0,1
304438,1594,Heath,OH,911 Hebron Rd,Unique store number,0,1
1052061,4696,Heber City,UT,1274 S US 189,Unique store number,0,1
302719,281,Heber Springs,AR,1500 Highway 25b,Unique store number,0,1
304106,1872,Helena,MT,2750 Prospect Ave,Unique store number,0,1
2083142,4189,Helena,AL,335 Helena Market Pl,Unique store number,0,1
304978,951,Hempstead,TX,625 Highway 290 E,Unique store number,0,1
304979,165,Henderson,TX,2121 Us Highway 79 S,Unique store number,0,1
304314,2050,Henderson,NV,300 E Lake Mead Pkwy,Unique store number,0,1
304147,2256,Henderson,NC,200 N Cooper Dr,Unique store number,0,1
304315,2838,Henderson,NV,540 Marks St,Unique store number,0,1
652037,3354,Henderson,NV,1401 American Pacific Dr,Unique store number,0,1
303603,694,Henderson,KY,1195 Barret Blvd,Unique store number,0,1
2449625,7032,Richmond,VA,5001 Nine Mile Rd,Unique store number,0,1
2333664,2465,Hephzibah,GA,3697 Windsor Spring Rd,Unique store number,0,1
615584,3384,Hereford,TX,300 W 15th St,Unique store number,0,1
304361,2285,HERKIMER,NY,103 N Caroline St,Unique store number,0,1
2108559,1817,Hermiston,OR,1350 N 1st St,Unique store number,0,1
304632,1568,Hermitage,PA,1275 N Hermitage Rd,Unique store number,0,1
304801,710,Hermitage,TN,4424 Lebanon Pike,Unique store number,0,1
615606,5419,HERNANDO,MS,2600 Mcingvale Rd,Unique store number,0,1
2303789,7168,Herriman,UT,5056 W 13400 S,Unique store number,0,1
303374,596,Herrin,IL,1713 S Park Ave,Unique store number,0,1
1490970,4340,Hesperia,CA,13401 Main St,Unique store number,0,1
832970,1590,Hialeah,FL,5851 NW 177th St,Unique store number,0,1
303048,2814,Hialeah,FL,9300 NW 77th Ave,Unique store number,0,1
1352917,5945,Hialeah,FL,400 W 49th St,Unique store number,0,1
1797996,5615,Hialeah,FL,11800 Hialeah Gardens Blvd,Unique store number,0,1
303541,342,Hiawatha,KS,701 Hopi St,Unique store number,0,1
2311792,3504,Hickory,NC,2415 Springs Rd NE,Unique store number,0,1
304149,948,Hickory,NC,2525 Us Highway 70 SE,Unique store number,0,1
304980,3286,Lake Dallas,TX,1035 Hickory Creek Blvd,Unique store number,0,1
2151102,3567,Hidalgo,TX,3000 N Jackson Rd,Unique store number,0,1
766600,1613,High Point,NC,2628 S Main St,Unique store number,0,1
826933,4477,High Point,NC,2710 N Main St,Unique store number,0,1
1947870,5013,High Point,NC,4102 Precision Way,Unique store number,0,1
302845,1914,Highland,CA,4210 E Highland Ave,Unique store number,0,1
303375,435,Highland,IL,12495 State Route 143,Unique store number,0,1
770083,4240,Lewisville,TX,3060 Justin Rd,Unique store number,0,1
303255,2473,Hilo,HI,325 E Makaala St,Unique store number,0,1
1419198,728,Hilton Head Island,SC,25 Pembroke Dr,Unique store number,0,1
2333618,4519,Hinesville,GA,801 E General Stewart Way Ste A,Unique store number,0,1
2311817,4525,Hinesville,GA,1422 W Oglethorpe Hwy,Unique store number,0,1
303203,862,Hinesville,GA,751 W Oglethorpe Hwy,Unique store number,0,1
304781,1606,Hixson,TN,5764 Highway 153,Unique store number,0,1
2333638,5188,Hixson,TN,7636 Middle Valley Rd,Unique store number,0,1
304519,607,Hobart,OK,923 W 11th St,Unique store number,0,1
304302,549,Hobbs,NM,3800 N Lovington Hwy,Unique store number,0,1
303376,1892,La Grange,IL,9450 Joliet Rd,Unique store number,0,1
304802,1115,Hohenwald,TN,612 E Main St,Unique store number,0,1
303851,1942,Holland,MI,2629 N Park Dr,Unique store number,0,1
704464,3445,Holland,OH,1355 S Mccord Rd,Unique store number,0,1
304063,303,Holly Springs,MS,950 Mackie Dr,Unique store number,0,1
770081,4458,Holly Springs,NC,7016 Gb Alford Hwy,Unique store number,0,1
2132076,5814,Canton,GA,2200 Holly Springs Pkwy,Unique store number,0,1
2345843,3163,Hollywood,FL,301 S State Road 7,Unique store number,0,1
303542,378,Holton,KS,427 S Arizona Ave,Unique store number,0,1
303038,2727,Homestead,FL,33501 S Dixie Hwy,Unique store number,0,1
2083136,3183,Homestead,FL,1499 S Dixie Hwy,Unique store number,0,1
2143556,5671,Homestead,FL,13600 SW 288th St,Unique store number,0,1
302638,1481,Birmingham,AL,209 Lakeshore Pkwy,Unique store number,0,1
1339458,1029,Homosassa,FL,6885 S Suncoast Blvd,Unique store number,0,1
304982,443,Hondo,TX,109 22nd St,Unique store number,0,1
3144714,2480,Honesdale,PA,723A Old Willow Ave,Unique store number,0,1
595493,3478,Honolulu,HI,700 Keeaumoku St,Unique store number,0,1
304578,1876,Hood River,OR,2700 Wasco St,Unique store number,0,1
322262,1229,Birmingham,AL,2780 John Hawkins Pkwy,Unique store number,0,1
1947858,3184,Birmingham,AL,3320 Lorna Rd,Unique store number,0,1
302720,1065,Hope,AR,2400 N Hervey St,Unique store number,0,1
304152,2929,Hope Mills,NC,3030 N Main St,Unique store number,0,1
2438917,3456,Hope Mills,NC,4220 Legion Rd,Unique store number,0,1
2434566,5059,Hopkinsville,KY,3106 Canton St,Unique store number,0,1
303604,653,Hopkinsville,KY,300 Clinic Dr,Unique store number,0,1
1992793,3136,El Paso,TX,13900 Horizon Blvd,Unique store number,0,1
305451,3593,Horn Lake,MS,2401 Goodman Rd W,Unique store number,0,1
2333434,6964,Horn Lake,MS,4150 Goodman Rd W,Unique store number,0,1
302722,261,Hot Springs National Park,AR,4019 Central Ave,Unique store number,0,1
302721,52,Hot Springs National Park,AR,1601 Albert Pike Rd,Unique store number,0,1
2388307,5789,Hot Springs National Park,AR,1640 Airport Rd,Unique store number,0,1
2388304,5790,Hot Springs National Park,AR,1544 Malvern Ave,Unique store number,0,1
595470,5433,Hot Springs Village,AR,3604 N Highway 7,Unique store number,0,1
303852,2192,Houghton,MI,995 Razorback Dr,Unique store number,0,1
330584,3483,Houma,LA,933 Grand Caillou Rd,Unique store number,0,1
303682,542,Houma,LA,1633 Martin Luther King Jr Blvd,Unique store number,0,1
2388302,5774,Houma,LA,6411 W Park Ave,Unique store number,0,1
304984,1040,Houston,TX,15955 Fm 529 Rd,Unique store number,0,1
304993,1103,Houston,TX,3450 FM 1960 Rd W,Unique store number,0,1
1100977,1137,Houston,TX,13750 East Fwy,Unique store number,0,1
304992,1279,Houston,TX,10411 North Fwy 45,Unique store number,0,1
304986,1409,Houston,TX,10750 Westview Dr,Unique store number,0,1
303969,166,Houston,MO,1433 S Sam Houston Blvd,Unique store number,0,1
304987,2066,Houston,TX,2727 Dunvale Rd,Unique store number,0,1
304988,2257,Houston,TX,13484 Northwest Fwy,Unique store number,0,1
304990,2718,Houston,TX,9555 S Post Oak Rd,Unique store number,0,1
304989,3296,Houston,TX,2700 S Kirkwood Rd,Unique store number,0,1
304995,3297,Houston,TX,12353 Fm 1960 Rd W,Unique store number,0,1
670761,3302,Houston,TX,9460 W Sam Houston Pkwy S,Unique store number,0,1
680091,3425,Houston,TX,9598 Rowlett Rd,Unique store number,0,1
305466,3452,Houston,TX,4810 Highway 6 N,Unique store number,0,1
330585,3500,Houston,TX,5655 E Sam Houston Pkwy N,Unique store number,0,1
305461,3509,Houston,TX,11755 Beechnut St,Unique store number,0,1
305462,3542,Houston,TX,11242 S Gessner Rd,Unique store number,0,1
2278601,3584,Houston,TX,5405 S Rice Ave,Unique store number,0,1
935434,3640,Houston,TX,1118 Silber Rd,Unique store number,0,1
304064,411,Houston,MS,660 E Madison St,Unique store number,0,1
1322024,4416,Houston,TX,13003 Tomball Pkwy,Unique store number,0,1
895735,4526,Houston,TX,4412 North Fwy,Unique store number,0,1
378060,5094,Houston,TX,9700 Hillcroft St,Unique store number,0,1
2083127,5612,Houston,TX,2391 S Wayside Dr,Unique store number,0,1
304983,772,Houston,TX,3506 Highway 6 S,Unique store number,0,1
303854,1754,Howell,MI,3850 E Grand River Ave,Unique store number,0,1
304268,2195,Howell,NJ,4900 US Hwy 9 Lanes Mill Rd,Unique store number,0,1
305280,1365,Hudson,WI,2222 Crest View Dr,Unique store number,0,1
304247,1785,Hudson,NH,254 Lowell Rd,Unique store number,0,1
303741,1970,Hudson,MA,280 Washington St,Unique store number,0,1
304363,2097,Hudson,NY,460 Fairview Ave,Unique store number,0,1
787694,5266,Hudson,FL,12610 Us Highway 19,Unique store number,0,1
2287261,7296,Hudson,NC,2794 Hickory Blvd,Unique store number,0,1
664100,3431,Weatherford,TX,2801 E Interstate 20,Unique store number,0,1
824234,4497,Bessemer,AL,1007 Red Farmer Dr,Unique store number,0,1
304521,49,Hugo,OK,1911 E Jackson St,Unique store number,0,1
304996,1837,Humble,TX,9451 Fm 1960 Bypass Rd,Unique store number,0,1
762809,4298,Humble,TX,9235 N Sam Houston Pkwy E,Unique store number,0,1
2219719,7309,Humble,TX,12312 Will Clayton Pkwy,Unique store number,0,1
304997,744,Humble,TX,6626 Fm 1960 Rd E,Unique store number,0,1
1946482,5879,Huntersville,NC,11145 Bryton Town Center Dr,Unique store number,0,1
304804,161,Huntingdon,TN,180 Veterans Dr N,Unique store number,0,1
680102,5470,Huntingdon,PA,6716 Towne Center Blvd,Unique store number,0,1
305335,2244,Huntington,WV,3333 Us Route 60,Unique store number,0,1
303473,2311,Huntington,IN,2800 Wal Mart Dr,Unique store number,0,1
302846,2636,Huntington Beach,CA,8230 Talbert Ave,Unique store number,0,1
1453630,5601,Huntington Beach,CA,21132 Beach Blvd,Unique store number,0,1
853648,4641,Huntley,IL,12300 S Il Route 47,Unique store number,0,1
304998,285,Huntsville,TX,141 Interstate 45 S,Unique store number,0,1
302641,332,Huntsville,AL,6140A University Dr NW,Unique store number,0,1
2303785,373,Huntsville,AR,157 Gary Hatfield Way,Unique store number,0,1
2258728,375,Huntsville,AL,3031 Memorial Pkwy SW,Unique store number,0,1
302643,433,Huntsville,AL,2200 Sparkman Dr NW,Unique store number,0,1
302644,434,Huntsville,AL,11610 Memorial Pkwy SW,Unique store number,0,1
615593,5197,Owens Cross Roads,AL,330 Sutton Rd SE,Unique store number,0,1
2333652,5716,Huntsville,AL,9020 Bailey Cove Rd SE,Unique store number,0,1
2388291,5925,Huntsville,AL,2305 Jordan Ln SW,Unique store number,0,1
4340466,7254,Huntsville,,,Unmatched,,0
2353473,7324,Huntsville,AL,2165 Winchester Rd NE,Unique store number,0,1
704429,3853,Huron,SD,2791 Dakota Ave S,Unique store number,0,1
787678,4277,Hurricane,WV,167 Progress Way,Unique store number,0,1
844328,4678,Hurricane,UT,180 N 3400 W,Unique store number,0,1
451298,5080,HURST,TX,1732 Precinct Line Rd,Unique store number,0,1
2360425,7347,HURST,TX,720 W Pipeline Rd,Unique store number,0,1
303910,1738,Hutchinson,MN,1300 Highway 15 S,Unique store number,0,1
303543,794,Hutchinson,KS,1905 E 17th Ave,Unique store number,0,1
703470,3700,INDIAN TRAIL,NC,2101 Younts Rd,Unique store number,0,1
2311807,4054,Indianapolis,IN,4837 Kentucky Ave,Unique store number,0,1
2172466,2181,Indio,CA,82491 Avenue 42,Unique store number,0,1
2608054,8958,Indio,CA,44100 Jefferson St Ste F,Unique store number,0,1
303287,1546,Iowa Falls,IA,840 S Oak St,Unique store number,0,1
506076,2085,ISABELA,,,Unmatched,,0
361841,2917,Islandia,NY,1850 Veterans Hwy,Unique store number,0,1
304522,38,Idabel,OK,1907 SE Washington St,Unique store number,0,1
303317,1902,Idaho Falls,ID,1201 S 25th E,Unique store number,0,1
615612,5494,Idaho Falls,ID,500 S Utah Ave,Unique store number,0,1
303970,1014,Independence,MO,4000 S Bolger Rd,Unique store number,0,1
303544,2893,Independence,KS,121 Peter Pan Rd,Unique store number,0,1
2151142,6500,Independence,MO,3411 S Noland Rd,Unique store number,0,1
303284,750,Independence,IA,302 Enterprise Dr,Unique store number,0,1
893841,4237,Fort Mill,SC,10048 Charlotte Hwy,Unique store number,0,1
304636,2318,Indiana,PA,3100 Oakland Ave,Unique store number,0,1
303474,1459,Indianapolis,IN,7245 Us 31 S,Unique store number,0,1
303477,1518,Indianapolis,IN,3221 W 86th St,Unique store number,0,1
303475,1580,Indianapolis,IN,10617 E Washington St,Unique store number,0,1
303476,2787,Indianapolis,IN,7325 N Keystone Ave,Unique store number,0,1
772548,3781,Indianapolis,IN,4545 Lafayette Rd,Unique store number,0,1
2151107,4053,Indianapolis,IN,5555 Michigan Rd,Unique store number,0,1
646623,5443,Indianapolis,IN,4650 S Emerson Ave,Unique store number,0,1
2083134,5804,Indianapolis,IN,5835 W 10th St,Unique store number,0,1
2151139,6390,Indianapolis,IN,5550 E Fall Creek Pkwy N Dr,Unique store number,0,1
544527,5408,Indianapolis,IN,3805 S Keystone Ave,Unique store number,0,1
303285,1491,INDIANOLA,IA,1500 N Jefferson Way,Unique store number,0,1
304065,347,INDIANOLA,MS,633 Highway 82 W,Unique store number,0,1
513572,5089,Inver Grove Heights,MN,9165 Cahill Ave,Unique store number,0,1
303051,1104,Inverness,FL,2461 E Gulf To Lake Hwy,Unique store number,0,1
896842,1187,IOLA,KS,2200 N State St,Unique store number,0,1
2303771,5411,IONIA,MI,152 W Sprague Rd,Unique store number,0,1
1100979,1721,Iowa City,IA,919 Highway 1 W,Unique store number,0,1
864838,4440,Irmo,SC,1180 Dutch Fork Rd,Unique store number,0,1
303855,2434,Iron Mountain,MI,1920 S Stephenson Ave,Unique store number,0,1
322251,3280,Rochester,NY,1490 Hudson Ave,Unique store number,0,1
787695,5444,Ironwood,MI,10305 Country Club Rd,Unique store number,0,1
1815433,5644,Irvine,CA,16555 Von Karman Ave,Unique store number,0,1
305001,2649,Irving,TX,1635 Market Place Blvd,Unique store number,0,1
305000,880,Irving,TX,4100 W Airport Fwy,Unique store number,0,1
615595,5240,Ithaca,NY,135 Fairgrounds Memorial Pkwy,Unique store number,0,1
304066,274,Iuka,MS,1110 Battleground Dr,Unique store number,0,1
304805,1466,Jacksboro,TN,2824 Appalachian Hwy,Unique store number,0,1
304733,2348,Charleston,SC,1231 Folly Rd,Unique store number,0,1
1276809,29,Jefferson City,MO,724 W Stadium Blvd,Unique store number,0,1
859637,5477,Jefferson City,MO,401 Supercenter Dr,Unique store number,0,1
304809,724,Jefferson City,TN,630 E Broadway Blvd,Unique store number,0,1
303684,386,Jennings,LA,303 E Interstate Dr,Unique store number,0,1
303378,253,Jerseyville,IL,1316 S State St,Unique store number,0,1
1101289,1377,McHenry,IL,3801 Running Brook Farm Blvd,Unique store number,0,1
303971,122,Jackson,MO,3051 E Jackson Blvd,Unique store number,0,1
304440,1519,Jackson,OH,100 Walmart Dr,Unique store number,0,1
302646,2760,Jackson,AL,4206 N College Ave,Unique store number,0,1
304806,335,Jackson,TN,2196 Emporium Dr,Unique store number,0,1
304807,393,Jackson,TN,2171 S Highland Ave,Unique store number,0,1
303605,693,Jackson,KY,1589 Highway 15 S,Unique store number,0,1
304067,903,Jackson,MS,2711 Greenway Dr,Unique store number,0,1
544529,5160,Jackson,MI,1700 W Michigan Ave,Unique store number,0,1
303058,1082,Jacksonville,FL,10991 San Jose Blvd Ste 1,Unique store number,0,1
303056,1083,Jacksonville,FL,6830 Normandy Blvd,Unique store number,0,1
303052,1090,Jacksonville,FL,6767 103rd St,Unique store number,0,1
787705,1172,Jacksonville,FL,13490 Beach Blvd,Unique store number,0,1
303053,1173,Jacksonville,FL,8808 Beach Blvd,Unique store number,0,1
303054,1219,Jacksonville,FL,12100 Lem Turner Rd,Unique store number,0,1
304153,1298,Jacksonville,NC,2025 N Marine Blvd,Unique store number,0,1
303055,1444,Jacksonville,FL,9890 Hutchinson Park Dr,Unique store number,0,1
305002,180,Jacksonville,TX,1311 S Jackson St,Unique store number,0,1
787703,200,Jacksonville,IL,1941 W Morton Ave,Unique store number,0,1
302724,24,Jacksonville,AR,2000 John Harden Dr,Unique store number,0,1
302647,300,Jacksonville,AL,1625 Pelham Rd S,Unique store number,0,1
703941,3309,Jacksonville,FL,4250 Phillips Hwy,Unique store number,0,1
703471,3702,Jacksonville,FL,13227 City Square Dr,Unique store number,0,1
772543,3864,Jacksonville,NC,561 Yopp Rd,Unique store number,0,1
854008,4444,Jacksonville,FL,10251 Shops Ln,Unique store number,0,1
2735305,4561,Jacksonville,FL,9550 Baymeadows Rd,Unique store number,0,1
4411482,4621,Jacksonville,FL,10000 Omni Dr,Unique store number,0,1
2208240,5005,Jacksonville,FL,6855 Wilson Blvd,Unique store number,0,1
361853,5054,Jacksonville,FL,11900 Atlantic Blvd,Unique store number,0,1
2311838,5816,Jacksonville,FL,1650 San Pablo Rd S,Unique store number,0,1
1936460,5817,Jacksonville,FL,8011 Merrill Rd,Unique store number,0,1
1936461,5818,Jacksonville,FL,10550 Old Saint Augustine Rd,Unique store number,0,1
2345844,6978,Jacksonville,FL,7075 Collins Rd,Unique store number,0,1
2333660,7137,Jacksonville,NC,4250 Western Blvd,Unique store number,0,1
304808,1467,Jamestown,TN,539 E Central Ave,Unique store number,0,1
304214,1649,Jamestown,ND,921 25th St SW,Unique store number,0,1
305281,1305,Janesville,WI,3800 Deerfield Dr,Unique store number,0,1
305003,214,Jasper,TX,800 W Gibson St,Unique store number,0,1
302648,287,Jasper,AL,1801 Highway 78 E,Unique store number,0,1
893846,5786,Jasper,GA,1100 Old Philadelphia Rd,Unique store number,0,1
303478,870,Jasper,IN,4040 N Newton St,Unique store number,0,1
616793,3499,JEFFERSON,WI,1520 S Main St,Unique store number,0,1
478253,5183,Louisville,KY,3800 Ruckriegel Pkwy,Unique store number,0,1
303683,498,Jena,LA,3670 W Oak St,Unique store number,0,1
2333642,5336,Jenks,OK,11020 S Elm St,Unique store number,0,1
303318,2831,Jerome,ID,2680 S Lincoln Ave,Unique store number,0,1
303205,2630,Jesup,GA,1100 N 1st St,Unique store number,0,1
304810,1080,Johnson City,TN,3111 Browns Mill Rd,Unique store number,0,1
746325,3829,Johnson City,TN,2915 W Market St,Unique store number,0,1
893643,5732,Johnson City,NY,2 Gannett Dr,Unique store number,0,1
304637,1935,Johnstown,PA,150 Town Centre Dr,Unique store number,0,1
772552,1256,Joliet,IL,2424 W Jefferson St,Unique store number,0,1
561039,2956,Joliet,IL,1401 Il Route 59,Unique store number,0,1
302726,128,Jonesboro,AR,1911 W Parker Rd,Unique store number,0,1
303685,149,Jonesboro,LA,184 Old Winnfield Rd,Unique store number,0,1
302725,45,Jonesboro,AR,1815 E Highland Dr,Unique store number,0,1
2303791,6876,Jonesboro,AR,3319 Harrisburg Rd,Unique store number,0,1
2220296,6943,Jonesboro,AR,2811 Creek Dr,Unique store number,0,1
303856,1809,Jonesville,MI,701 Olds St,Unique store number,0,1
705113,3772,Jonesville,VA,468 Trade Center Ln,Unique store number,0,1
2103614,4057,Joplin,MO,1600 E 7th St,Unique store number,0,1
2333615,4470,Joplin,MO,25145 Demott Dr,Unique store number,0,1
2311814,4478,Joplin,MO,2426 S Maiden Ln,Unique store number,0,1
248221,59,Joplin,MO,1501 S Range Line Rd,Unique store number,0,1
303974,79,Joplin,MO,2623 W 7th St,Unique store number,0,1
303546,43,Junction City,KS,521 E Chestnut St,Unique store number,0,1
2311826,4626,Junction City,KS,1723 Mcfarland Rd,Unique store number,0,1
303059,2176,Jupiter,FL,2144 W Indiantown Rd,Unique store number,0,1
2103622,5663,Jurupa Valley,CA,8844 Limonite Ave,Unique store number,0,1
303257,2321,Kailua Kona,HI,75-1015 Henry St,Unique store number,0,1
787680,4323,Kankakee,IL,505 Riverstone Pkwy,Unique store number,0,1
866916,1151,Kansas City,KS,10824 Parallel Pkwy,Unique store number,0,1
2188345,2442,Kansas City,MO,5261 NE Antioch Rd,Unique store number,0,1
303977,2857,Kansas City,MO,8551 N Boardwalk Ave,Unique store number,0,1
330579,2955,Kansas City,MO,1701 W 133rd St,Unique store number,0,1
746347,4553,Kansas City,MO,11601 E Us Highway 40,Unique store number,0,1
2151137,6172,Kansas City,KS,2300 Metropolitian Ave,Unique store number,0,1
2104746,4164,Kaufman,TX,300 Kings Fort Pkwy,Unique store number,0,1
2333438,598,KEARNEY,NE,5411 2nd Ave,Unique store number,0,1
703949,5447,KEARNY,NJ,150 Harrison Ave,Unique store number,0,1
305467,2981,Keller,TX,2130 Rufe Snow Dr,Unique store number,0,1
305006,3298,Kemah,TX,255 Fm 518 Rd,Unique store number,0,1
303479,1388,Kendallville,IN,2501 E North St,Unique store number,0,1
744846,3703,Kenner,LA,3520 Williams Blvd,Unique store number,0,1
473235,3541,Kennett Square,PA,516 School House Rd,Unique store number,0,1
305336,2474,Keyser,WV,Rr 4 Box 82,Unique store number,0,1
2449623,6789,King,NC,204 Ingram Dr,Unique store number,0,1
304815,2310,Knoxville,TN,3051 Kinzel Way,Unique store number,0,1
303256,3290,Kahului,HI,101 Pakaula St,Unique store number,0,1
466839,5064,Kalamazoo,MI,6065 Gull Rd,Unique store number,0,1
513546,5065,Kalamazoo,MI,501 N 9th St,Unique store number,0,1
304107,2259,Kalispell,MT,170 Hutton Ranch Rd,Unique store number,0,1
304154,2005,Kannapolis,NC,2420 Supercenter Dr NE,Unique store number,0,1
1000240,3883,Kapolei,HI,91 600 Farrington Hwy,Unique store number,0,1
304991,3226,Katy,TX,25108 Market Place Dr,Unique store number,0,1
2311812,4468,Katy,TX,20903 Highland Knolls Dr,Unique store number,0,1
2449618,4512,Katy,TX,22850 Morton Ranch Rd,Unique store number,0,1
787905,4538,Katy,TX,6060 N Fry Rd,Unique store number,0,1
305004,768,Katy,TX,1313 Fry Rd,Unique store number,0,1
312118,3549,Keene,NH,350 Winchester St,Unique store number,0,1
894354,4474,Kenai,AK,10096 Kenai Spur Hwy,Unique store number,0,1
303060,1680,MIAMI,FL,15885 SW 88th St,Unique store number,0,1
305007,524,Kenedy,TX,200 Business Park Blvd,Unique store number,0,1
303686,1342,Kenner,LA,300 W Esplanade Ave,Unique store number,0,1
303153,3471,Kennesaw,GA,3105 Cobb Pkwy NW,Unique store number,0,1
2108561,190,Kennett,MO,1500 1st St,Unique store number,0,1
305238,2101,Kennewick,WA,2720 S Quillan St,Unique store number,0,1
933295,1167,Kenosha,WI,3500 Brumback Blvd,Unique store number,0,1
745549,3722,Kent,OH,250 Tallmadge Rd,Unique store number,0,1
646596,5355,Kenton,OH,1241 E Columbus St,Unique store number,0,1
303848,2493,Grand Rapids,MI,5859 28th St SE,Unique store number,0,1
303288,1431,Keokuk,IA,300 N Park Dr,Unique store number,0,1
1947877,5701,Kerman,CA,14061 W Whitesbridge Ave,Unique store number,0,1
304155,2793,Kernersville,NC,1130 S Main St,Unique store number,0,1
2151145,6828,Kernersville,NC,1035 Beesons Field Dr,Unique store number,0,1
305008,508,Kerrville,TX,1216 Junction Hwy,Unique store number,0,1
302598,2710,Ketchikan,AK,4230 Don King Rd,Unique store number,0,1
303380,633,Kewanee,IL,730 Tenney St,Unique store number,0,1
305009,572,Kilgore,TX,1201 Stone St,Unique store number,0,1
2333667,3449,Killeen,TX,3801 E Stan Schlueter Loop,Unique store number,0,1
2360434,3450,Killeen,TX,2900 Clear Creek Rd,Unique store number,0,1
305010,407,Killeen,TX,1400 Lowes Blvd,Unique store number,0,1
2258608,6286,Killeen,TX,3404 W Stan Schlueter Loop,Unique store number,0,1
767149,4350,Kilmarnock,VA,200 Old Fair Grounds Way,Unique store number,0,1
304811,1089,Jasper,TN,525 Kimball Crossing Dr,Unique store number,0,1
1028200,5779,King George,VA,16375 Merchants Ln,Unique store number,0,1
826925,4687,King of Prussia,PA,275 N Gulph Rd,Unique store number,0,1
304524,132,Kingfisher,OK,200 Starlite Dr,Unique store number,0,1
302778,2051,Kingman,AZ,3396 Stockton Hill Rd,Unique store number,0,1
2220290,7146,Kings Mountain,NC,1011 Shelby Rd,Unique store number,0,1
2311836,5734,Kingsport,TN,750 Lynn Garden Dr,Unique store number,0,1
304812,599,Kingsport,TN,3200 Fort Henry Dr,Unique store number,0,1
304813,742,Kingsport,TN,2500 W Stone Dr,Unique store number,0,1
304365,2504,Kingston,NY,601 Frank Sottile Blvd,Unique store number,0,1
305011,442,Kingsville,TX,1133 General Cavazos Blvd,Unique store number,0,1
466452,3579,Kingwood,TX,2165 Northpark Dr,Unique store number,0,1
764661,4372,Kingwood,WV,100 Walmart Dr,Unique store number,0,1
304156,1661,Kinston,NC,4101 W Vernon Ave,Unique store number,0,1
303979,189,Kirksville,MO,2206 N Baltimore St,Unique store number,0,1
303980,2694,Saint Louis,MO,1202 S Kirkwood Rd,Unique store number,0,1
303062,2881,Kissimmee,FL,1471 E Osceola Pkwy,Unique store number,0,1
2151114,4159,Kissimmee,FL,2850 E Osceola Pkwy,Unique store number,0,1
2573121,5214,Kissimmee,FL,2855 N Old Lake Wilson Rd,Unique store number,0,1
646624,5420,Kissimmee,FL,3250 Vineland Rd,Unique store number,0,1
1224195,5846,Kissimmee,FL,3183 W Vine St,Unique store number,0,1
303061,817,Kissimmee,FL,4444 W Vine St,Unique store number,0,1
304638,1820,Kittanning,PA,1 Hilltop Plz,Unique store number,0,1
304157,2000,Kitty Hawk,NC,5400 N Croatan Hwy Ste 100,Unique store number,0,1
304579,1772,Klamath Falls,OR,3600 Washburn Way,Unique store number,0,1
304158,1816,Knightdale,NC,7106 Knightdale Blvd,Unique store number,0,1
304817,1318,Knoxville,TN,6777 Clinton Hwy,Unique store number,0,1
304816,1319,Knoxville,TN,7550 Norris Fwy,Unique store number,0,1
304818,1320,Knoxville,TN,7420 Chapman Hwy,Unique store number,0,1
304819,2065,Knoxville,TN,8445 Walbrook Dr,Unique store number,0,1
304814,2932,Farragut,TN,10900 Parkside Dr,Unique store number,0,1
303289,2935,Knoxville,IA,814 W Bell Ave,Unique store number,0,1
2438918,3959,Knoxville,TN,3120 Mckamey Rd,Unique store number,0,1
302599,2711,Kodiak,AK,2911 Mill Bay Rd,Unique store number,0,1
303480,1962,Kokomo,IN,1920 E Markland Ave,Unique store number,0,1
304068,239,Kosciusko,MS,220 Veterans Memorial Dr,Unique store number,0,1
2219512,4130,Kyle,TX,5754 Kyle Pkwy,Unique store number,0,1
303791,2853,La Plata,MD,40 Drury Dr,Unique store number,0,1
4457043,2345,Lady Lake,FL,1220 Hwy 466,Unique store number,0,1
707510,3851,Lafayette,IN,2347 Veterans Memorial Pkwy S,Unique store number,0,1
304580,1889,La Grande,OR,11619 Island Ave,Unique store number,0,1
305016,1073,Lampasas,TX,1710 Central Texas Expy,Unique store number,0,1
751510,5129,Hyattsville,MD,6210 Annapolis Rd,Unique store number,0,1
705111,3623,Laredo,TX,4401 Hwy 83,Unique store number,0,1
2103617,4141,Largo,FL,9020 Ulmerton Rd,Unique store number,0,1
616749,5258,Las Vegas,NV,5850 W Craig Rd,Unique store number,0,1
616750,5259,Las Vegas,NV,6151 W Lake Mead Blvd,Unique store number,0,1
744840,3355,Las Vegas,NV,1400 S Lamb Blvd,Unique store number,0,1
616752,5269,Las Vegas,NV,490 E Silverado Ranch Blvd,Unique store number,0,1
616754,5306,North Las Vegas,NV,5545 Simmons St,Unique store number,0,1
764441,3788,Las Vegas,NV,6310 W Charleston Blvd,Unique store number,0,1
744841,3356,Las Vegas,NV,7445 S Eastern Ave,Unique store number,0,1
304525,269,Lawton,OK,1002 NW Sheridan Rd,Unique store number,0,1
2303796,2984,Lawton,OK,3745 Sw Lee Blvd,Unique store number,0,1
377797,5071,Lawton,OK,6301 NW Quannah Parker Trl,Unique store number,0,1
705118,5388,League City,TX,1701 W Fm 646 Rd,Unique store number,0,1
303609,445,Leitchfield,KY,1801 Elizabethtown Rd,Unique store number,0,1
305019,1051,Levelland,TX,407 E State Road 114,Unique store number,0,1
302854,1972,Livermore,CA,2700 Las Positas Rd,Unique store number,0,1
305023,275,Livingston,TX,1620 W Church St,Unique store number,0,1
1419200,292,Lockhart,TX,1904 S Colorado St,Unique store number,0,1
302855,1789,Lodi,CA,1601 S Lower Sacramento Rd,Unique store number,0,1
523890,5252,Loganville,GA,4221 Atlanta Hwy,Unique store number,0,1
959179,905,Longmont,CO,2285 E Ken Pratt Blvd,Unique store number,0,1
861009,169,Lonoke,AR,322 Brownsville Loop,Unique store number,0,1
302857,2117,Los Banos,CA,1575 W Pacheco Blvd,Unique store number,0,1
361850,3596,Los Lunas,NM,2250 Main St NW,Unique store number,0,1
303614,1170,Louisville,KY,10445 Dixie Hwy,Unique store number,0,1
304070,183,Louisville,MS,159 Highway 15 S,Unique store number,0,1
312432,3294,Louisville,KY,7101 Cedar Springs Blvd,Unique store number,0,1
773978,4524,Louisville,KY,5360 Dixie Hwy,Unique store number,0,1
303616,526,Louisville,KY,3706 Diann Marie Rd,Unique store number,0,1
654802,5417,Louisville,KY,175 Outer Loop,Unique store number,0,1
615605,5418,Louisville,KY,2020 Bashford Manor Ln,Unique store number,0,1
303618,589,Louisville,KY,11901 Standiford Plaza Dr,Unique store number,0,1
303617,6931,Louisville,KY,4840 Outer Loop,Unique store number,0,1
1815432,5672,Allen,TX,2662 W Lucas Rd,Unique store number,0,1
304071,1260,Lucedale,MS,11228 Old 63 S,Unique store number,0,1
304164,1155,Lumberton,NC,5070 Fayetteville Rd,Unique store number,0,1
304271,2841,Lumberton,NJ,1740 Route 38,Unique store number,0,1
305030,384,Lumberton,TX,100 N Lhs Dr,Unique store number,0,1
2219711,7209,Lumberton,NC,2985 E Elizabethtown Rd,Unique store number,0,1
305187,1350,Lynchburg,VA,3900 Wards Rd,Unique store number,0,1
2220301,3605,Lynchburg,VA,22088 Timberlake Rd,Unique store number,0,1
893844,4697,Lynchburg,VA,3227 Old Forest Rd,Unique store number,0,1
499070,5127,La Crosse,WI,4622 Mormon Coulee Rd,Unique store number,0,1
303606,1053,La Grange,KY,1015 New Moody Ln,Unique store number,0,1
303207,614,LaGrange,GA,803 New Franklin Rd,Unique store number,0,1
302847,3248,La Habra,CA,1340 S Beach Blvd,Unique store number,0,1
1490961,5641,La Habra,CA,1000 E Imperial Hwy,Unique store number,0,1
302958,1384,La Junta,CO,6 Conley Rd,Unique store number,0,1
305115,529,La Marque,TX,6410 Interstate 45,Unique store number,0,1
528096,5140,La Mesa,CA,5500 Grossmont Center Dr,Unique store number,0,1
2303759,5684,La Mesa,CA,8810 Grossmont Blvd,Unique store number,0,1
2083128,5661,La Mirada,CA,14865 Telegraph Rd,Unique store number,0,1
1935803,3099,La Palma,CA,5420 La Palma Ave,Unique store number,0,1
303687,961,LA PLACE,LA,1616 W Airline Hwy,Unique store number,0,1
303481,2276,La Porte,IN,333 Boyd Blvd,Unique store number,0,1
466388,5116,La Porte,TX,9025 Spencer Hwy,Unique store number,0,1
2083153,3133,La Puente,CA,1425 N Hacienda Blvd,Unique store number,0,1
302848,1805,La Quinta,CA,79295 Highway 111,Unique store number,0,1
303793,2027,Cumberland,MD,12500 Country Club Mall Rd,Unique store number,0,1
2375630,7020,La Vergne,TN,5511 Murfreesboro Rd,Unique store number,0,1
2083157,3173,La Vista,NE,9460 Giles Rd,Unique store number,0,1
2353241,6190,Labelle,FL,1951 W Hickpochee Ave,Unique store number,0,1
338810,3531,Olympia,WA,1401 Galaxy Dr NE,Unique store number,0,1
2208239,4757,Lacey,WA,5110 Yelm Hwy SE,Unique store number,0,1
2293439,3713,Ladson,SC,3685 Ladson Rd,Unique store number,0,1
765686,4281,Ladysmith,WI,800 W 10th St S,Unique store number,0,1
302957,1045,Lafayette,CO,745 N Us Highway 287,Unique store number,0,1
303482,1547,Lafayette,IN,4205 Commerce Dr,Unique store number,0,1
303689,2938,Lafayette,LA,2428 W Pinhook Rd,Unique store number,0,1
303208,2988,La Fayette,GA,2625 N Highway 27,Unique store number,0,1
303688,531,Lafayette,LA,3142 Ambassador Caffery Pkwy,Unique store number,0,1
304820,879,Lafayette,TN,419 Highway 52 Byp W,Unique store number,0,1
2219677,2773,LaGrange,GA,955 Lafayette Pkwy,Unique store number,0,1
305012,846,La Grange,TX,1915 W State Highway 71,Unique store number,0,1
302849,2206,Laguna Niguel,CA,27470 Alicia Pkwy,Unique store number,0,1
303692,1204,Lake Charles,LA,3451 Nelson Rd,Unique store number,0,1
303691,469,Lake Charles,LA,3415 Gerstner Memorial Blvd,Unique store number,0,1
933250,521,Lake Charles,LA,2500 N Martin Luther King Hwy,Unique store number,0,1
2333658,6583,Lake Charles,LA,2011 Ryan St,Unique store number,0,1
2221271,6590,Lake Charles,LA,260 Sam Houston Jones Pkwy,Unique store number,0,1
304734,621,Lake City,SC,900 US Hwy 52,Unique store number,0,1
303063,767,Lake City,FL,2767 W Us Highway 90,Unique store number,0,1
302850,2077,Lake Elsinore,CA,29260 Central Ave,Unique store number,0,1
305284,910,Lake Geneva,WI,201 S Edwards Blvd,Unique store number,0,1
302779,1364,Lake Havasu City,AZ,5695 Highway 95 N,Unique store number,0,1
305013,808,Lake Jackson,TX,121 Highway 332 W,Unique store number,0,1
2311790,525,Lake Mary,FL,825 Casa Verde Blvd,Unique store number,0,1
680070,5313,Lake Saint Louis,MO,6100 Ronald Reagan Dr,Unique store number,0,1
303064,859,Lake Wales,FL,2000 State Road 60 E,Unique store number,0,1
303065,1398,Lake Worth,FL,4545 Hypoluxo Rd,Unique store number,0,1
856153,5759,Lake Worth,FL,6177 S Jog Rd,Unique store number,0,1
305014,972,Fort Worth,TX,6360 Lake Worth Blvd,Unique store number,0,1
894628,5745,Clover,SC,175 Highway 274,Unique store number,0,1
303381,1404,Lake Zurich,IL,820 S Rand Rd,Unique store number,0,1
303067,1245,Lakeland,FL,5800 US Highway 98 N,Unique store number,0,1
303066,779,Lakeland,FL,3501 S Florida Ave,Unique store number,0,1
1797930,5992,Lakeville,MN,20710 Keokuk Ave,Unique store number,0,1
304364,1973,Lakewood,NY,350 E Fairmount Ave,Unique store number,0,1
302959,2125,Denver,CO,7455 W Colfax Ave,Unique store number,0,1
302851,2609,Lakewood,CA,2770 Carson St,Unique store number,0,1
746315,3537,Lakewood,WA,7001 Bridgeport Way W,Unique store number,0,1
568264,4284,Denver,CO,440 Wadsworth Blvd,Unique store number,0,1
302960,2672,LAMAR,CO,1432 E Olive St,Unique store number,0,1
303981,338,LAMAR,MO,29 SW 1st Ln,Unique store number,0,1
1322977,1932,Ellsworth,ME,17 Myrick St,Unique store number,0,1
304735,1030,Lancaster,SC,805 Hwy 9 Byp W,Unique store number,0,1
897362,1563,Lancaster,CA,44665 Valley Central Way,Unique store number,0,1
304639,2334,Lancaster,PA,2034 Lincoln Hwy E,Unique store number,0,1
302853,2951,Lancaster,CA,1731 E Avenue J,Unique store number,0,1
787638,3792,Lancaster,OH,2687 N Memorial Dr,Unique store number,0,1
2108604,471,Lancaster,TX,150 N Interstate 35 E,Unique store number,0,1
466400,5200,Lancaster,PA,2030 Fruitville Pike,Unique store number,0,1
2219714,7224,Lancaster,TX,350 N Bluegrove Rd,Unique store number,0,1
864941,5414,Lanoka Harbor,NJ,580 Us Highway 9,Unique store number,0,1
303382,2817,Lansing,IL,17625 Torrence Ave,Unique store number,0,1
553997,2867,Lansing,MI,3225 Towne Centre Blvd,Unique store number,0,1
303857,2869,Lansing,MI,409 N Marketplace Blvd,Unique store number,0,1
303858,1987,Lapeer,MI,555 E Genesee St,Unique store number,0,1
305361,1412,Laramie,WY,4308 E Grand Ave,Unique store number,0,1
312435,3518,Laredo,TX,2320 Bob Bullock Loop,Unique store number,0,1
305018,554,Laredo,TX,5610 San Bernardo Ave,Unique store number,0,1
1357885,5713,Laredo,TX,2615 NE Bob Bullock Loop,Unique store number,0,1
303069,1712,Largo,FL,990 Missouri Ave N,Unique store number,0,1
2083137,3372,Clearwater,FL,2677 Roosevelt Blvd,Unique store number,0,1
869344,5831,Largo,FL,13817 Walsingham Rd,Unique store number,0,1
1927623,4601,Las Cruces,NM,3331 Rinconada Blvd,Unique store number,0,1
466391,5155,Las Cruces,NM,1550 S Valley Dr,Unique store number,0,1
2388303,5782,Las Cruces,NM,150 N Sonoma Ranch Blvd,Unique store number,0,1
304303,806,Las Cruces,NM,571 Walton Blvd,Unique store number,0,1
304304,1380,Las Vegas,NM,2609 7th St,Unique store number,0,1
304320,1559,Las Vegas,NV,201 N Nellis Blvd,Unique store number,0,1
304321,1560,Las Vegas,NV,6005 S Eastern Ave,Unique store number,0,1
304316,1584,Las Vegas,NV,3615 S Rainbow Blvd,Unique store number,0,1
304317,1838,Las Vegas,NV,3041 N Rainbow Blvd,Unique store number,0,1
2573120,2483,Las Vegas,NV,6973 Blue Diamond Rd,Unique store number,0,1
304322,2593,Las Vegas,NV,2310 E Serene Ave,Unique store number,0,1
304318,2884,Las Vegas,NV,8060 W Tropical Pkwy,Unique store number,0,1
746308,3350,Las Vegas,NV,5198 Boulder Hwy,Unique store number,0,1
304323,3473,Las Vegas,NV,4505 W Charleston Blvd,Unique store number,0,1
744845,3655,Las Vegas,NV,10440 W Cheyenne Ave,Unique store number,0,1
787643,4356,Las Vegas,NV,7200 Arroyo Crossing Pkwy,Unique store number,0,1
826934,4557,Las Vegas,NV,3075 E Tropicana Ave,Unique store number,0,1
406465,5070,Las Vegas,NV,5200 S Fort Apache Rd,Unique store number,0,1
670787,5423,Las Vegas,NV,6570 E Lake Mead Blvd,Unique store number,0,1
528535,1997,Latham,NY,800 Loudon Rd,Unique store number,0,1
513534,2502,Latrobe,PA,100 Colony Ln,Unique store number,0,1
303792,1985,Laurel,MD,3549 Russett Grn,Unique store number,0,1
767150,4412,Laurel,MT,101 Bernhardt Rd,Unique store number,0,1
304069,501,Laurel,MS,1621 Highway 15 N,Unique store number,0,1
845285,1130,Laurens,SC,922 E Main St,Unique store number,0,1
304159,1255,Laurinburg,NC,901 Us Highway 401 S,Unique store number,0,1
377788,3529,Indianapolis,IN,10735 Pendleton Pike,Unique store number,0,1
303548,484,Lawrence,KS,3300 Iowa St,Unique store number,0,1
853647,5219,Lawrence,KS,550 Congressional Dr,Unique store number,0,1
1331111,507,Lawrenceburg,KY,1000 Bypass N,Unique store number,0,1
304821,683,Lawrenceburg,TN,2130 N Locust Ave,Unique store number,0,1
1406458,3074,Lawrenceville,GA,3059 Lawrenceville Hwy,Unique store number,0,1
303209,548,Lawrenceville,GA,630 Collins Hill Rd,Unique store number,0,1
303383,550,Lawrenceville,IL,2610 W Haven Rd,Unique store number,0,1
646601,3388,Lawrenceville,GA,1400 Lawrenceville Hwy,Unique store number,0,1
305140,1699,Layton,UT,745 W Hill Field Rd,Unique store number,0,1
338413,5205,Layton,UT,1356 E Highway 193,Unique store number,0,1
303290,1625,Le Mars,IA,1111 Holton Dr,Unique store number,0,1
680105,5497,Evans Mills,NY,25737 Us Route 11,Unique store number,0,1
2333622,4618,League City,TX,2625 W Main St,Unique store number,0,1
861008,26,Leavenworth,KS,5000 10th Ave,Unique store number,0,1
303483,1275,LEBANON,IN,2440 N Lebanon St,Unique store number,0,1
303982,14,LEBANON,MO,1800 S Jefferson Ave,Unique store number,0,1
304441,1407,LEBANON,OH,1530 Walmart Dr,Unique store number,0,1
303608,1675,LEBANON,KY,2136 Campbellsville Rd,Unique store number,0,1
304581,1775,LEBANON,OR,3290 S Santiam Hwy,Unique store number,0,1
304640,2023,LEBANON,PA,1355 E Lehman St,Unique store number,0,1
312121,3480,LEBANON,VA,1050 Regional Park Rd,Unique store number,0,1
304822,671,LEBANON,TN,615 S Cumberland St,Unique store number,0,1
1815424,5772,LECANTO,FL,1936 N Lecanto Hwy,Unique store number,0,1
3185623,3912,Ledgewood,NJ,461 State Route 10,Unique store number,0,1
303983,573,Lees Summit,MO,1000 NE Sam Walton Ln,Unique store number,0,1
302649,562,Leeds,AL,8551 Whitfield Ave,Unique store number,0,1
2449619,4590,Lees Summit,MO,3410 SW Market St,Unique store number,0,1
305184,1904,Leesburg,VA,19360 Compass Creek Pkwy,Unique store number,0,1
303070,800,Leesburg,FL,2501 Citrus Blvd,Unique store number,0,1
897387,405,Leesville,LA,2204 S 5th St,Unique store number,0,1
303071,2237,Lehigh Acres,FL,2523 Lee Blvd,Unique store number,0,1
304641,2169,Lehighton,PA,1731 Blakeslee Boulevard Dr E,Unique store number,0,1
749738,3409,Leicester,MA,20 Soojian Dr,Unique store number,0,1
751485,4273,Leland,NC,1112 New Pointe Blvd,Unique store number,0,1
304160,1064,Lenoir,NC,935 Blowing Rock Blvd,Unique store number,0,1
304823,741,Lenoir City,TN,911 Highway 321 N,Unique store number,0,1
867191,2964,Leominster,MA,11 Jungle Rd,Unique store number,0,1
893813,2068,Levittown,PA,180 Levittown Ctr,Unique store number,0,1
1947868,4184,Levittown,NY,3335 Hempstead Tpke,Unique store number,0,1
305337,1499,LEWISBURG,WV,1976 Jefferson St N,Unique store number,0,1
304642,1644,LEWISBURG,PA,120 Ajk Blvd,Unique store number,0,1
304824,737,LEWISBURG,TN,1334 N Ellington Pkwy,Unique store number,0,1
304643,1607,Lewistown,PA,10180 Us Highway 522 S,Unique store number,0,1
305020,217,Lewisville,TX,801 W Main St,Unique store number,0,1
305021,3287,Lewisville,TX,1515 Justin Rd,Unique store number,0,1
499066,5092,Lewisville,TX,190 E Round Grove Rd,Unique store number,0,1
304161,1322,Lexington,NC,160 Lowes Blvd,Unique store number,0,1
305185,1335,Lexington,VA,1233 N Lee Hwy,Unique store number,0,1
303612,2628,Lexington,KY,4051 Nicholasville Rd,Unique store number,0,1
303610,2783,Lexington,KY,500 W New Circle Rd,Unique store number,0,1
746332,3894,Lexington,KY,2350 Grey Lag Way,Unique store number,0,1
764451,4413,Lexington,KY,4230 Saron Dr,Unique store number,0,1
766606,4521,Lexington,SC,1780 S Lake Dr,Unique store number,0,1
773979,4607,Lexington,KY,3735 Palomar Centre Dr,Unique store number,0,1
304227,637,Lexington,NE,200 Frontier St,Unique store number,0,1
304825,684,Lexington,TN,547 W Church St,Unique store number,0,1
2219710,7205,Lexington,NC,90 W Us Highway 64,Unique store number,0,1
304737,881,Lexington,SC,5556 Sunset Blvd,Unique store number,0,1
303550,799,Liberal,KS,250 E Tucker Rd,Unique store number,0,1
305022,1186,Liberty,TX,2121 Highway 146 Byp,Unique store number,0,1
303975,234,Kansas City,MO,8301 N Church Rd,Unique store number,0,1
303258,2308,Lihue,HI,3 3300 Kuhio Hwy,Unique store number,0,1
303189,1373,Lilburn,GA,4004 Lawrenceville Hwy NW,Unique store number,0,1
304443,1330,Lima,OH,2450 Allentown Rd,Unique store number,0,1
322249,3206,Lima,OH,2400 Harding Hwy,Unique store number,0,1
303814,1919,Lincoln,ME,250 W Broadway,Unique store number,0,1
304228,1943,Lincoln,NE,4700 N 27th St,Unique store number,0,1
303384,199,Lincoln,IL,825 Malerich Dr,Unique store number,0,1
2303770,2432,Lincoln,NE,2500 Jamie Ln,Unique store number,0,1
377785,3278,Lincoln,NE,8700 Andermatt Dr,Unique store number,0,1
826929,3823,Lincoln,NE,3400 N 85th St,Unique store number,0,1
1490995,5979,Lincoln,CA,255 Lincoln Blvd,Unique store number,0,1
304162,1209,Lincolnton,NC,306 N Generals Blvd,Unique store number,0,1
670770,3764,Lindale,TX,105 Centennial Blvd,Unique store number,0,1
3120406,3469,Linden,NJ,1050 W Edgar Rd,Unique store number,0,1
553977,5270,Lindon,UT,585 N State St,Unique store number,0,1
304526,893,Lindsay,OK,401 Linwood Plz,Unique store number,0,1
303484,1002,Linton,IN,2251 E State Highway 54,Unique store number,0,1
302982,2854,Jewett City,CT,180 River Rd,Unique store number,0,1
303385,213,Litchfield,IL,1205 W Ferdon St,Unique store number,0,1
764548,4374,Litchfield,MN,2301 E Frontage Rd,Unique store number,0,1
303187,3205,Lithia Springs,GA,1100 Thornton Rd,Unique store number,0,1
303184,1340,Lithonia,GA,5401 Fairington Rd,Unique store number,0,1
1992795,4472,Lithonia,GA,8424 Mall Pkwy,Unique store number,0,1
1911271,3830,Tuckerton,NJ,631 Rte 9 S,Unique store number,0,1
303911,1634,Little Falls,MN,15091 18th St NE,Unique store number,0,1
302727,124,Little Rock,AR,8801 Baseline Rd,Unique store number,0,1
302728,126,Little Rock,AR,2700 S Shackleford Rd,Unique store number,0,1
554006,5244,Little Rock,AR,19301 Cantrell Rd,Unique store number,0,1
959663,5706,Little Rock,AR,700 S Bowman Rd,Unique store number,0,1
302956,1252,Littleton,CO,6675 Business Center Dr,Unique store number,0,1
302961,1308,Littleton,CO,7700 W Quincy Ave,Unique store number,0,1
304249,2681,Littleton,NH,615 Meadow St,Unique store number,0,1
513545,5049,Littleton,CO,13420 W Coal Mine Ave,Unique store number,0,1
303072,2626,Live Oak,FL,6868 Us Highway 129,Unique store number,0,1
2303763,1831,Liverpool,NY,8770 Dell Center Dr,Unique store number,0,1
303859,2631,Livonia,MI,29555 Plymouth Rd,Unique store number,0,1
893649,5844,Livonia,MI,29574 7 Mile Rd,Unique store number,0,1
304648,2528,MILL HALL,PA,167 Hogan Blvd,Unique store number,0,1
304366,2107,Lockport,NY,5735 S Transit Rd,Unique store number,0,1
766603,3790,Lockport,IL,16241 S Farrell Rd,Unique store number,0,1
859644,5747,Locust,NC,1876 Main St W,Unique store number,0,1
2221238,3723,Locust Grove,OK,800 E Main St,Unique store number,0,1
932302,5709,Locust Grove,GA,4949 Bill Gardner Pkwy,Unique store number,0,1
1947790,5731,Locust Grove,VA,2533 Germanna Hwy,Unique store number,0,1
305338,2610,Logan,WV,77 Norman Morgan Blvd,Unique store number,0,1
304444,3282,Logan,OH,12910 State Route 664 S,Unique store number,0,1
859631,4272,Logan,UT,1150 S 100 W,Unique store number,0,1
303485,1329,Logansport,IN,240 Mall Rd,Unique store number,0,1
2151151,2998,LOMA LINDA,CA,25755 Barton Rd,Unique store number,0,1
302856,1989,Lompoc,CA,701 W Central Ave,Unique store number,0,1
303613,1113,London,KY,1851 Highway 192 W,Unique store number,0,1
513560,5203,London,OH,375 Lafayette St,Unique store number,0,1
338831,3477,Long Beach,CA,7250 Carson Blvd,Unique store number,0,1
2258603,4101,Long Beach,CA,3705 E South St,Unique store number,0,1
305025,399,Longview,TX,2440 Gilmer Rd,Unique store number,0,1
680099,5370,Longmont,CO,2514 Main St,Unique store number,0,1
1100961,2469,Longview,WA,540 7th Ave,Unique store number,0,1
751953,3828,Longview,TX,4006 Estes Pkwy,Unique store number,0,1
305026,398,Longview,TX,515 E Loop 281,Unique store number,0,1
2151110,4114,Longview,TX,3812 Gilmer Rd,Unique store number,0,1
1100962,5853,Longview,WA,3715 Ocean Beach Hwy,Unique store number,0,1
894677,1839,Lorain,OH,4380 Leavitt Rd,Unique store number,0,1
2219508,2765,Los Fresnos,TX,1004 W Ocean Blvd,Unique store number,0,1
766605,4461,Louisa,KY,275 Walton Dr,Unique store number,0,1
304163,1953,Louisburg,NC,705 Retail Way,Unique store number,0,1
766599,1008,Loveland,CO,250 W 65th St,Unique store number,0,1
302963,953,Loveland,CO,1325 Denver Ave,Unique store number,0,1
680073,5498,Lowville,NY,7155 State Rte 12 S,Unique store number,0,1
2108598,3826,Lubbock,TX,1911 Marsha Sharp Fwy,Unique store number,0,1
746345,4299,Lubbock,TX,6315 82nd St,Unique store number,0,1
2388301,5702,Lubbock,TX,9809 University Ave,Unique store number,0,1
2338383,6898,Lubbock,TX,11415 Quaker Ave,Unique store number,0,1
305028,861,Lubbock,TX,4215 S Loop 289,Unique store number,0,1
305027,945,Lubbock,TX,702 W Loop 289,Unique store number,0,1
303860,2102,Ludington,MI,4854 W Us Highway 10,Unique store number,0,1
312423,140,LUFKIN,TX,2500 Daniel Mccall Dr,Unique store number,0,1
303742,2118,LUNENBURG,MA,301 Massachusetts Ave,Unique store number,0,1
305186,2564,Luray,VA,1036 Us Highway 211 W,Unique store number,0,1
866911,988,Lutz,FL,1575 Land O Lakes Blvd,Unique store number,0,1
303743,2139,Lynn,MA,780 Lynnway,Unique store number,0,1
303104,1032,Lynn Haven,FL,2101 S Highway 77,Unique store number,0,1
305240,2594,Lynnwood,WA,1400 164th St SW,Unique store number,0,1
1798011,5678,Lynnwood,WA,17222 Highway 99,Unique store number,0,1
303073,1205,Macclenny,FL,9218 S State Road 228,Unique store number,0,1
760315,3842,MACEDON,NY,425 State Route 31,Unique store number,0,1
302858,1583,Madera,CA,1977 W Cleveland Ave,Unique store number,0,1
304527,1295,Madill,OK,1100 S 1st St,Unique store number,0,1
305285,1138,Madison,WI,7202 Watts Rd,Unique store number,0,1
303486,1327,Madison,IN,567 Ivy Tech Dr,Unique store number,0,1
303212,1363,Madison,GA,1681 Eatonton Rd,Unique store number,0,1
305286,2335,Madison,WI,4198 Nakoosa Trl,Unique store number,0,1
302651,2690,Madison,AL,8650 Madison Blvd,Unique store number,0,1
460171,2720,Madison,MS,127 Grandview Dr,Unique store number,0,1
680092,3608,Madison,OH,6067 N Ridge Rd,Unique store number,0,1
665978,5107,Madison,TN,109 Gallatin Pike N,Unique store number,0,1
2303756,5703,Madison,AL,8580 Highway 72 W,Unique store number,0,1
304837,695,Madison,TN,2232 Gallatin Pike N,Unique store number,0,1
2220311,7342,Madison,AL,7140 Wall Triana Hwy,Unique store number,0,1
707504,3334,Malone,NY,3222 State Route 11,Unique store number,0,1
506972,3716,Manati,PR,Plaza Monte Real,Unique store number,0,1
303551,35,Manhattan,KS,101 Bluemont Ave,Unique store number,0,1
305287,1449,Manitowoc,WI,4115 Calumet Ave,Unique store number,0,1
304273,2651,Manville,NJ,100 N Main St,Unique store number,0,1
303695,876,Many,LA,25800 Hwy 171,Unique store number,0,1
595455,5150,Saint Louis,MO,1900 Maplewood Commons Dr,Unique store number,0,1
544532,5325,Pompano Beach,FL,5555 W Atlantic Blvd,Unique store number,0,1
854007,4430,Maricopa,AZ,41650 W Maricopa Casa Grande Hwy,Unique store number,0,1
745554,4488,Marina,CA,150 Beach Rd,Unique store number,0,1
304274,1869,Marlton,NJ,150 E Route 70,Unique store number,0,1
303679,911,MARRERO,LA,4810 Lapalco Blvd,Unique store number,0,1
303914,1722,Marshall,MN,1221 E Main St,Unique store number,0,1
303987,363,Marshall,MO,855 Cherokee Dr,Unique store number,0,1
1925431,798,Marshall,IL,108 Kyden Dr,Unique store number,0,1
305036,918,Marshall,TX,1701 E End Blvd N,Unique store number,0,1
305289,2813,Marshfield,WI,2001 N Central Ave,Unique store number,0,1
303988,78,Marshfield,MO,14740 State Highway 38,Unique store number,0,1
302860,2054,Jackson,CA,10355 Wicklow Way,Unique store number,0,1
304828,107,Martin,TN,134 Courtright Rd,Unique store number,0,1
302861,3493,Martinez,CA,1021 Arnold Dr,Unique store number,0,1
2004396,5813,Augusta,GA,3851 Evans To Locks Rd,Unique store number,0,1
312426,810,Mason City,IA,4151 4th St SW,Unique store number,0,1
506849,2067,MAYAGUEZ,,,Unmatched,,0
680086,3305,Mayodan,NC,6711 Nc Highway 135,Unique store number,0,1
304229,790,McCook,NE,1902 W B St,Unique store number,0,1
302732,289,McGehee,AR,1001 Highway 65 S,Unique store number,0,1
305039,206,McKinney,TX,2041 N Redbud Blvd,Unique store number,0,1
746349,5311,McKinney,TX,1721 N Custer Rd,Unique store number,0,1
2333659,6966,McKinney,TX,3400 Virginia Pkwy,Unique store number,0,1
1490191,2069,Medford,OR,1360 Center Dr,Unique store number,0,1
787672,3643,Medford,WI,1010 N 8th St,Unique store number,0,1
304583,5839,Medford,OR,3615 Crater Lake Hwy,Unique store number,0,1
304832,1248,Memphis,TN,7525 Winchester Rd,Unique store number,0,1
304831,1561,Memphis,TN,3950 Austin Peay Hwy,Unique store number,0,1
466453,3599,Memphis,TN,6520 Memphis Arlington Rd,Unique store number,0,1
466455,5043,Memphis,TN,6990 E Shelby Dr,Unique store number,0,1
466462,5122,Memphis,TN,2856 Hickory Hill Rd,Unique store number,0,1
615592,5196,Memphis,TN,5255 Elvis Presley Blvd,Unique store number,0,1
2360426,6807,Memphis,TN,6727 Raleigh Lagrange Rd,Unique store number,0,1
304774,950,Memphis,TN,8400 Hwy 64,Unique store number,0,1
305291,1819,Menomonie,WI,180 Cedar Falls Rd,Unique store number,0,1
2333632,5081,Meraux,LA,2500 Archbishop Hannan Blvd,Unique store number,0,1
303698,989,Metairie,LA,8912 Veterans Memorial Blvd,Unique store number,0,1
303744,3491,METHUEN,MA,70 Pleasant Valley St,Unique store number,0,1
303078,2091,MIAMI,FL,8651 NW 13th Ter,Unique store number,0,1
304529,28,MIAMI,OK,2415 N Main St,Unique store number,0,1
2725093,3935,Homestead,FL,14325 SW 268th St,Unique store number,0,1
2219672,4140,Miami,FL,6991 SW 8th St,Unique store number,0,1
2171223,4161,Miami,FL,9191 W Flagler St,Unique store number,0,1
2208304,4303,Miami,FL,3200 NW 79th St,Unique store number,0,1
3090597,5719,Miami,FL,14720 SW 26th St,Unique store number,0,1
1052063,5854,Miami,FL,8400 Coral Way,Unique store number,0,1
2004346,5912,Miami,FL,21151 S Dixie Hwy,Unique store number,0,1
3182660,6397,Miami,FL,15601 SW 127th Ave,Unique store number,0,1
705107,3311,Miami Gardens,FL,19501 NW 27th Ave,Unique store number,0,1
787663,1487,Michigan City,IN,5780 Franklin St,Unique store number,0,1
304108,2608,Miles City,MT,3205 Stower St,Unique store number,0,1
303259,2126,MILILANI,HI,95 550 Lanikuhana Ave,Unique store number,0,1
304453,1724,Millersburg,OH,1640 S Washington St,Unique store number,0,1
304276,2109,MILLVILLE,NJ,2291 N 2nd St,Unique store number,0,1
1947853,3144,Portland,OR,15600 SE Mcloughlin Blvd,Unique store number,0,1
305044,251,Mineola,TX,135 NE Loop 564,Unique store number,0,1
305045,804,Mineral Wells,TX,601 Fm 1821,Unique store number,0,1
304215,1636,Minot,ND,3900 S Broadway,Unique store number,0,1
303991,40,Moberly,MO,1301 E Highway 24,Unique store number,0,1
832005,4657,Mobile,AL,6350 Cottage Hill Rd,Unique store number,0,1
770085,3857,Madison,WI,2151 Royal Ave,Unique store number,0,1
704473,5348,Montgomery,AL,851 Ann St,Unique store number,0,1
303624,1234,Monticello,KY,175 Walmart Plaza Dr,Unique store number,0,1
304372,2547,Monticello,NY,41 Anawana Lake Rd,Unique store number,0,1
303492,2771,Monticello,IN,1088 W Broadway St,Unique store number,0,1
302734,348,Monticello,AR,427 Highway 425 N,Unique store number,0,1
654798,3624,Monticello,MN,9320 Cedar St,Unique store number,0,1
304650,1887,Montoursville,PA,1015 N Loyalsock Ave,Unique store number,0,1
706596,3227,Monument,CO,16218 Jackson Creek Pkwy,Unique store number,0,1
316176,2393,Oklahoma City,OK,640 SE 4th St,Unique store number,0,1
304531,277,Oklahoma City,OK,501 SW 19th St,Unique store number,0,1
304169,1355,Morehead City,NC,300 Nc Highway 24,Unique store number,0,1
867286,5766,Morgan Hill,CA,170 Cochrane Plz,Unique store number,0,1
302735,8,Morrilton,AR,1621 N Business 9,Unique store number,0,1
303218,1047,Morrow,GA,6065 Jonesboro Rd,Unique store number,0,1
305242,2007,Moses Lake,WA,1005 N Stratford Rd,Unique store number,0,1
873618,952,Moultrie,GA,641 Veterans Pkwy S,Unique store number,0,1
2735359,5944,Mount Laurel,NJ,934 Route 73,Unique store number,0,1
304651,2365,Mount Pocono,PA,3271 Route 940,Unique store number,0,1
2151125,4849,Mountain Iron,MN,8580 Rock Ridge Dr,Unique store number,0,1
303322,2782,MOUNTAIN HOME,ID,2745 American Legion Blvd,Unique store number,0,1
303994,871,Mountain View,MO,101 W Us Highway 60,Unique store number,0,1
305298,1571,Mukwonago,WI,250 Wolf Run,Unique store number,0,1
305471,2973,Plano,TX,115 W FM 544,Unique store number,0,1
304172,515,Murphy,NC,93 Rick Ramsey St,Unique store number,0,1
302659,660,Muscle Shoals,AL,301 Avalon Ave,Unique store number,0,1
704470,3876,Muskegon,MI,3285 Henry St,Unique store number,0,1
304533,517,Mustang,OK,951 E State Highway 152,Unique store number,0,1
646620,5319,MacArthur,WV,1881 Robert C Byrd Dr,Unique store number,0,1
304445,1927,Macedonia,OH,8160 Macedonia Commons Blvd,Unique store number,0,1
303386,197,Macomb,IL,1730 E Jackson St,Unique store number,0,1
303211,1076,Macon,GA,1401 Gray Hwy,Unique store number,0,1
303210,1153,Macon,GA,6020 Harrison Rd,Unique store number,0,1
303985,783,Macon,MO,705 E Briggs Dr,Unique store number,0,1
523885,2890,Macon,GA,5955 Zebulon Rd,Unique store number,0,1
305188,2565,Madison Heights,VA,197 Madison Heights Sq,Unique store number,0,1
304826,366,Madisonville,TN,4525 Highway 411,Unique store number,0,1
305031,446,Madisonville,TX,1620 E Main St,Unique store number,0,1
304072,1192,Magee,MS,1625 Simpson Highway 49,Unique store number,0,1
2151154,4706,Magna,UT,3555 S 8400 W,Unique store number,0,1
302730,83,Magnolia,AR,60 79 Byp N,Unique store number,0,1
303986,453,Malden,MO,1007 N Douglass St,Unique store number,0,1
302731,127,Malvern,AR,1910 Martin Luther King Blvd,Unique store number,0,1
304272,1921,Manahawkin,NJ,525 Hwy 72 W,Unique store number,0,1
866825,1825,Manassas,VA,8386 Sudley Rd,Unique store number,0,1
466395,3573,Manassas,VA,9401 Liberia Ave,Unique store number,0,1
867306,1177,Ballwin,MO,201 Highlands Boulevard Dr,Unique store number,0,1
303291,1506,Manchester,IA,1220 W Main St,Unique store number,0,1
302983,1891,Manchester,CT,420 Buckland Hills Dr,Unique store number,0,1
304250,2399,Manchester,NH,725 Gold St,Unique store number,0,1
304827,308,Manchester,TN,2518 Hillsboro Blvd,Unique store number,0,1
303620,545,Manchester,KY,240 Manchester Square Shpg Ctr,Unique store number,0,1
1947840,2033,Mandan,ND,1000 Old Red Trl NW,Unique store number,0,1
866914,5832,Mandeville,LA,3009 E Causeway Approach,Unique store number,0,1
303912,1473,Mankato,MN,1881 E Madison Ave,Unique store number,0,1
304738,1017,Manning,SC,2010 Paxville Hwy,Unique store number,0,1
305469,2397,Mansfield,TX,2951 Matlock Rd,Unique store number,0,1
2090388,3169,Manor,TX,11923 Us Highway 290 E,Unique store number,0,1
304644,1945,Mansfield,PA,1169 S Main St,Unique store number,0,1
897386,284,Mansfield,TX,930 N Walnut Creek Dr Ste 800,Unique store number,0,1
787662,323,Mansfield,LA,7292 Highway 509,Unique store number,0,1
304446,1539,Mansfield,OH,359 N Lexington Springmill Rd,Unique store number,0,1
680103,5471,Mansfield,OH,2485 Possum Run Rd,Unique store number,0,1
302859,1840,Manteca,CA,1205 S Main St,Unique store number,0,1
303913,2882,Maple Grove,MN,9451 Dunkirk Ln N,Unique store number,0,1
303292,1509,Maquoketa,IA,103 E Carlisle,Unique store number,0,1
378058,5031,TUCSON,AZ,8280 N Cortaro Rd,Unique store number,0,1
305034,781,Marble Falls,TX,2700 Us Highway 281,Unique store number,0,1
303074,1375,Marianna,FL,2255 Highway 71,Unique store number,0,1
303213,1181,Marietta,GA,1785 Cobb Pkwy S,Unique store number,0,1
303214,1766,Marietta,GA,3100 Johnson Ferry Rd,Unique store number,0,1
304447,2078,Marietta,OH,804 Pike St,Unique store number,0,1
745548,3611,Marietta,GA,6520 Ernest W Barrett Pkwy SW,Unique store number,0,1
670777,5390,Marietta,GA,210 Cobb Pkwy S,Unique store number,0,1
2103623,5815,Marietta,GA,2909 Austell Rd SW Ste 100,Unique store number,0,1
303206,937,Marietta,GA,2795 Chastain Meadows Pkwy,Unique store number,0,1
305288,2545,Marinette,WI,2900 Roosevelt Rd,Unique store number,0,1
2303781,1294,Marion,IN,3240 S Western Ave,Unique store number,0,1
305190,1336,Marion,VA,1193 N Main St,Unique store number,0,1
1278623,1694,Marion,NC,2875 Sugar Hill Rd,Unique store number,0,1
304448,1750,Marion,OH,1546 Marion Mount Gilead Rd,Unique store number,0,1
304739,1829,Mullins,SC,305 Commerce Dr,Unique store number,0,1
303387,216,Marion,IL,2802 Outer Road Dr,Unique store number,0,1
680067,3630,Marion,IA,5491 Business Highway 151,Unique store number,0,1
2333623,4654,Marion,AR,2100 St Hwy 77,Unique store number,0,1
303696,1128,Mansura,LA,7162 Highway 1,Unique store number,0,1
305035,320,Marlin,TX,600 N State Highway 6,Unique store number,0,1
303861,2079,Marquette,MI,3225 Us Highway 41 W,Unique store number,0,1
303293,581,Marshalltown,IA,2802 S Center St,Unique store number,0,1
305339,1703,Martinsburg,WV,800 Foxcroft Ave,Unique store number,0,1
787646,4423,Martinsburg,WV,5680 Hammonds Mill Rd,Unique store number,0,1
305191,1243,Martinsville,VA,976 Commonwealth Blvd,Unique store number,0,1
303488,1356,Martinsville,IN,410 Grand Valley Blvd,Unique store number,0,1
304449,1595,Marysville,OH,555 Colemans Crossing Blvd,Unique store number,0,1
533891,2595,Marysville,WA,8924 Quilceda Blvd,Unique store number,0,1
303552,341,Marysville,KS,1174 Pony Express Hwy,Unique store number,0,1
1947859,3801,Marysville,WA,8713 64th St NE,Unique store number,0,1
466399,5136,Marysville,CA,1131 N Beale Rd,Unique store number,0,1
749734,4223,Maryville,TN,2410 Us Highway 411 S,Unique store number,0,1
303989,801,Maryville,MO,1605 S Main St,Unique store number,0,1
305340,2849,Mason,WV,320 Mallard Ln,Unique store number,0,1
304367,1946,Massena,NY,43 Stephenville St,Unique store number,0,1
304450,2914,Massillon,OH,1 Massillon Marketplace Dr SW,Unique store number,0,1
303390,481,Mattoon,IL,101 Dettro Dr,Unique store number,0,1
303621,430,Mayfield,KY,1225 Paris Rd,Unique store number,0,1
304275,2108,Mays Landing,NJ,4620 Black Horse Pike,Unique store number,0,1
303622,1569,Maysville,KY,240 Wal Mart Way,Unique store number,0,1
304528,151,McAlester,OK,432 S George Nigh Expy,Unique store number,0,1
305038,397,McAllen,TX,1200 E Jackson Ave,Unique store number,0,1
305037,452,McAllen,TX,2800 W Nolana Ave,Unique store number,0,1
2151134,6098,McAllen,TX,800 E Nolana Ave,Unique store number,0,1
2278616,6786,McAllen,TX,5700 N 23rd St,Unique store number,0,1
304073,1025,McComb,MS,1608 Veterans Blvd,Unique store number,0,1
528098,5211,McKinney,TX,5001 Mckinney Ranch Pkwy,Unique store number,0,1
304582,1843,McMinnville,OR,2375 NE Highway 99w,Unique store number,0,1
1331116,668,McMinnville,TN,915 N Chancery St,Unique store number,0,1
303553,993,McPherson,KS,205 S Centennial Dr,Unique store number,0,1
832972,3201,McDonough,GA,135 Willow Ln,Unique store number,0,1
304645,1656,Meadville,PA,16086 Conneaut Lake Rd,Unique store number,0,1
680071,5346,Mebane,NC,1318 Mebane Oaks Rd,Unique store number,0,1
304646,1886,Mechanicsburg,PA,6520 Carlisle Pike Ste 550,Unique store number,0,1
305192,1525,MECHANICSVILLE,VA,7430 Bell Creek Rd,Unique store number,0,1
304451,1894,Medina,OH,4141 Pearl Rd,Unique store number,0,1
303076,1702,MELBOURNE,FL,1000 N Wickham Rd,Unique store number,0,1
616757,5365,MELBOURNE,FL,3950 N Wickham Rd,Unique store number,0,1
616758,5366,MELBOURNE,FL,3550 S Babcock St,Unique store number,0,1
303050,956,Satellite Beach,FL,1001 E Eau Gallie Blvd,Unique store number,0,1
303075,974,MELBOURNE,FL,845 Palm Bay Rd NE,Unique store number,0,1
4370992,1484,Melissa,TX,1950 McKinney St,Unique store number,0,1
302733,67,Mena,AR,600 Highway 71 N,Unique store number,0,1
304452,1857,Mentor,OH,9303 Mentor Ave,Unique store number,0,1
302862,2039,Merced,CA,3055 Loughborough Dr,Unique store number,0,1
304075,1271,Meridian,MS,2400 Highway 19 N,Unique store number,0,1
303320,2862,Meridian,ID,4051 E Fairview Ave,Unique store number,0,1
1947852,3093,Meridian,ID,795 W Overland Rd,Unique store number,0,1
2455520,3990,Meridian,MS,3310 Highway 39 N Ste A,Unique store number,0,1
2208306,5841,Meridian,ID,5001 N Ten Mile Rd,Unique store number,0,1
304074,981,Meridian,MS,1733 2nd St S,Unique store number,0,1
2118902,1366,Merrill,WI,505 S Pine Ridge Ave,Unique store number,0,1
303489,1618,Merrillville,IN,2936 E 79th Ave,Unique store number,0,1
303077,771,Merritt Island,FL,1500 E Merritt Island Cswy,Unique store number,0,1
302782,1646,Mesa,AZ,6131 E Southern Ave,Unique store number,0,1
302781,2482,Mesa,AZ,857 N Dobson Rd,Unique store number,0,1
513535,2767,Mesa,AZ,4505 E Mckellips Rd,Unique store number,0,1
302780,2768,Mesa,AZ,1955 S Stapley Dr,Unique store number,0,1
746323,3799,Mesa,AZ,240 W Baseline Rd,Unique store number,0,1
746327,3833,Mesa,AZ,1606 S Signal Butte Rd,Unique store number,0,1
764445,3846,Mesa,AZ,2725 E Mckellips Rd,Unique store number,0,1
513530,5257,Mesa,AZ,5122 E University Dr,Unique store number,0,1
513533,5332,Mesa,AZ,730 E Mckellips Rd,Unique store number,0,1
537495,5304,Mesa,AZ,1916 S Lindsay Rd,Unique store number,0,1
654803,5428,Mesa,AZ,1710 S Greenfield Rd,Unique store number,0,1
561038,5349,Mesa,AZ,8335 E Guadalupe Rd,Unique store number,0,1
305041,2976,Mesquite,TX,915 N Town East Blvd,Unique store number,0,1
683228,3847,Mesquite,NV,1120 W Pioneer Blvd,Unique store number,0,1
2455527,5824,Mesquite,TX,1951 Military Pkwy,Unique store number,0,1
305040,789,Mesquite,TX,200 Us Highway 80 E,Unique store number,0,1
2108573,248,Mexia,TX,1406 E Milam St,Unique store number,0,1
303990,25,Mexico,MO,4820 S Clark St,Unique store number,0,1
312117,3269,Mexico,ME,258 River Rd,Unique store number,0,1
2221313,2907,Opa Locka,FL,3791 NW 167th St,Unique store number,0,1
705110,3397,Miami,FL,17650 NW 2nd Ave,Unique store number,0,1
304368,2156,Middle Island,NY,750 Middle Country Rd,Unique store number,0,1
745545,3308,Middleburg,FL,1580 Branan Field Rd,Unique store number,0,1
1936462,5820,Middleburg,FL,2570 County Road 220,Unique store number,0,1
646597,5387,MIDDLEFIELD,OH,15050 S Springdale Ave,Unique store number,0,1
303623,739,Middlesboro,KY,US Hwy 25 E & St Hwy 441,Unique store number,0,1
304369,1959,MIDDLETOWN,NY,470 Hwy 211 E,Unique store number,0,1
377790,3571,MIDDLETOWN,OH,2900 Towne Blvd,Unique store number,0,1
826928,3802,Middletown,DE,705 Middletown Warwick Rd,Unique store number,0,1
763267,4450,Louisville,KY,12981 Shelbyville Rd,Unique store number,0,1
303862,2619,Midland,MI,910 Joe Mann Blvd,Unique store number,0,1
670769,3645,Midland,TX,200 W Interstate 20,Unique store number,0,1
305043,608,Midland,TX,4517 N Midland Dr,Unique store number,0,1
305193,1969,Midlothian,VA,900 Walmart Way,Unique store number,0,1
305194,2808,Midlothian,VA,12200 Chattanooga Plz,Unique store number,0,1
746343,4279,Midlothian,TX,400 N Highway 67,Unique store number,0,1
305141,2207,Midvale,UT,7250 S Union Park Ave,Unique store number,0,1
1100959,5863,Oklahoma City,OK,7520 E Reno Ave,Unique store number,0,1
304833,104,MILAN,TN,15427 S First St,Unique store number,0,1
303001,1741,Milford,DE,939 N Dupont Blvd,Unique store number,0,1
304647,2064,Milford,PA,220 Hwy 6 & Hwy 209,Unique store number,0,1
764663,5294,Milford,CT,1365 Boston Post Rd,Unique store number,0,1
751488,5499,Milford,OH,201 Chamber Dr,Unique store number,0,1
762874,4318,Millbrook,AL,145 Kelley Blvd,Unique store number,0,1
303216,1121,Milledgeville,GA,2592 N Columbia St,Unique store number,0,1
304834,94,Millington,TN,8445 Us Highway 51 N,Unique store number,0,1
302863,2119,Milpitas,CA,301 Ranch Dr,Unique store number,0,1
4370253,2467,Milton,FL,4239 Berryhill Rd,Unique store number,0,1
4360126,2983,Milton,FL,6275 Highway 90,Unique store number,0,1
303079,990,Milton,FL,4965 Highway 90,Unique store number,0,1
305293,2452,Milwaukee,WI,401 E Capitol Dr,Unique store number,0,1
305295,2828,Milwaukee,WI,3355 S 27th St,Unique store number,0,1
303699,87,Minden,LA,1379 Homer Rd,Unique store number,0,1
305296,2510,Minocqua,WI,8760 Northridge Way,Unique store number,0,1
303080,1511,Hollywood,FL,1800 S University Dr,Unique store number,0,1
303491,2678,Mishawaka,IN,316 Indian Ridge Blvd,Unique store number,0,1
305046,395,Mission,TX,2410 E Expressway 83,Unique store number,0,1
2219702,6850,Mission,TX,1006 N Bryan Rd,Unique store number,0,1
304109,2147,Missoula,MT,4000 Hwy 93 S,Unique store number,0,1
304110,3259,Missoula,MT,3555 Mullan Rd,Unique store number,0,1
305047,2505,Missouri City,TX,5501 Highway 6,Unique store number,0,1
1490972,5449,Missouri City,TX,9929 Highway 6,Unique store number,0,1
304764,2990,Mitchell,SD,1101 E Spruce St,Unique store number,0,1
2219690,4210,Mobile,AL,1300 N University Blvd,Unique store number,0,1
787692,4581,Mobile,AL,2500 Dawes Rd,Unique store number,0,1
2090544,4648,Mobile,AL,6575 Airport Blvd,Unique store number,0,1
466458,5098,Mobile,AL,1970 S University Blvd,Unique store number,0,1
2311837,5740,Mobile,AL,2570 Government Blvd,Unique store number,0,1
302654,853,Mobile,AL,685 Schillinger Rd S,Unique store number,0,1
302652,866,Mobile,AL,5245 Rangeline Service Rd S,Unique store number,0,1
302653,991,Mobile,AL,101 E I65 Service Rd S,Unique store number,0,1
304166,1096,Mocksville,NC,261 Cooper Creek Dr,Unique store number,0,1
302864,1587,MODESTO,CA,2225 Plaza Pkwy,Unique store number,0,1
1788424,3046,Modesto,CA,1421 Coffee Rd,Unique store number,0,1
826935,5710,Modesto,CA,3848 MCHENRY AVE,Unique store number,0,1
304370,2531,Mohegan Lake,NY,3133 E Main St,Unique store number,0,1
303392,2231,Moline,IL,3930 44th Avenue Dr,Unique store number,0,1
304649,1883,Monaca,PA,3942 Brodhead Rd,Unique store number,0,1
304740,1146,Moncks Corner,SC,511 N Highway 52,Unique store number,0,1
303992,48,Monett,MO,885 E Us Highway 60,Unique store number,0,1
303700,1193,Monroe,LA,2701 Louisville Ave,Unique store number,0,1
1100973,1790,Monroe,MI,2150 N Telegraph Rd,Unique store number,0,1
304371,2637,Monroe,NY,288 Larkin Dr,Unique store number,0,1
2208405,2919,Monroe,LA,4430 Desiard St,Unique store number,0,1
2208408,3745,Monroe,LA,1840 Mckeen Pl,Unique store number,0,1
2190445,5628,Monroe,WA,19191 N Kelsey St,Unique store number,0,1
303217,780,Monroe,GA,2050 W Spring St,Unique store number,0,1
305297,802,Monroe,WI,300 6th Ave W,Unique store number,0,1
304167,877,Monroe,NC,2406 W Roosevelt Blvd,Unique store number,0,1
845286,1493,Monroeville,AL,3371 S Alabama Ave,Unique store number,0,1
303915,1858,Montevideo,MN,3001 E Highway 7,Unique store number,0,1
765687,4286,Montgomery,IL,2000 Orchard Rd,Unique store number,0,1
751487,4407,Montgomery,AL,10710 Chantilly Pkwy,Unique store number,0,1
2333626,4672,Montgomery,AL,1600 Federal Dr,Unique store number,0,1
2345898,4691,Montgomery,AL,8035 Vaughn Rd,Unique store number,0,1
302657,930,Montgomery,AL,3801 Eastern Blvd,Unique store number,0,1
302656,938,Montgomery,AL,6495 Atlanta Hwy,Unique store number,0,1
302964,1058,Montrose,CO,16750 S Townsend Ave,Unique store number,0,1
2403294,4644,Coraopolis,PA,7500 University Blvd,Unique store number,0,1
305341,2696,MOOREFIELD,WV,11 Harness Rd,Unique store number,0,1
304168,1156,Mooresville,NC,169 Norman Station Blvd,Unique store number,0,1
2360422,4431,Mooresville,NC,966 E Iredell Ave,Unique store number,0,1
466387,5104,Dayton,OH,1701 W Dorothy Ln,Unique store number,0,1
1279340,1139,Morehead,KY,200 Walmart Way,Unique store number,0,1
670782,5193,Moreno Valley,CA,12721 Moreno Beach Dr,Unique store number,0,1
2219707,7099,Morgan City,LA,1002 Highway 70,Unique store number,0,1
303626,257,Morganfield,KY,901 Us Highway 60 E,Unique store number,0,1
2059580,1060,Morganton,NC,G120 Morganton Heights Blvd,Unique store number,0,1
2303775,7304,Morganton,NC,1001 N Green St,Unique store number,0,1
708014,2083,Morgantown,WV,75 Retail Cir,Unique store number,0,1
2303758,3215,Morgantown,WV,5605 University Town Centre Dr,Unique store number,0,1
303393,844,Morris,IL,333 E Us Route 6,Unique store number,0,1
2333650,5467,Morristown,TN,1997 Buffalo Trl,Unique store number,0,1
2219513,6370,Morristown,TN,4331 W Andrew Johnson Hwy,Unique store number,0,1
304835,685,Morristown,TN,475 Crockett Trace Dr,Unique store number,0,1
1947863,4147,Morrisville,NC,3560 Davis Dr,Unique store number,0,1
856156,4250,Morrisville,NC,1001 Shiloh Glenn Dr,Unique store number,0,1
595456,5157,Morton,IL,155 E Courtland St,Unique store number,0,1
303321,5869,Moscow,ID,2470 W Pullman Rd 2,Unique store number,0,1
302658,394,MOULTON,AL,15445 Al Highway 24,Unique store number,0,1
2108581,2852,Moundsville,WV,10 Walmart Dr,Unique store number,0,1
304171,1039,Mount Airy,NC,2241 Rockford St,Unique store number,0,1
303794,2551,Mount Airy,MD,209 E Ridgeville Blvd,Unique store number,0,1
303081,705,Mount Dora,FL,17030 Us Highway 441,Unique store number,0,1
866915,4482,Mount Juliet,TN,300 Pleasant Grove Rd Ste 600,Unique store number,0,1
760313,3701,Mount Olive,NC,308 Nc Highway 55 W,Unique store number,0,1
305048,131,Mount Pleasant,TX,2311 S Jefferson Ave,Unique store number,0,1
303295,784,Mount Pleasant,IA,1045 N Grand Ave,Unique store number,0,1
303627,1140,Mount Sterling,KY,499 Indian Mound Dr,Unique store number,0,1
303394,224,Mount Vernon,IL,110 Davidson Rd,Unique store number,0,1
897384,2596,Mount Vernon,WA,2301 Freeway Dr,Unique store number,0,1
2182445,7249,Mount Vernon,MO,500 W Mount Vernon Blvd,Unique store number,0,1
303993,88,Mountain Grove,MO,2100 N Main Ave,Unique store number,0,1
302736,11,MOUNTAIN HOME,AR,65 Wal Mart Dr Ste 2,Unique store number,0,1
302737,1114,Mountain View,AR,409 Sylamore Ave,Unique store number,0,1
302865,2280,Mountain View,CA,600 Showers Dr,Unique store number,0,1
304652,2611,Mount Pleasant,PA,2100 Summit Ridge Plz,Unique store number,0,1
766604,4384,Mount Pleasant,SC,3000 Proprietors Pl,Unique store number,0,1
303395,1681,Mount Prospect,IL,930 Mount Prospect Plz,Unique store number,0,1
303864,1428,Mount Pleasant,MI,4730 Encore Blvd,Unique store number,0,1
2083131,5695,Racine,WI,5625 Washington Ave,Unique store number,0,1
304741,632,Mount Pleasant,SC,1481 N Highway 17,Unique store number,0,1
304454,2149,Mount Vernon,OH,1575 Coshocton Ave,Unique store number,0,1
499062,5035,Mulberry,FL,6745 N Church Ave,Unique store number,0,1
303493,1665,MUNCIE,IN,4801 W Clara Ln,Unique store number,0,1
684691,3747,Muncie,IN,1501 E 29th St,Unique store number,0,1
2182443,2757,Murfreesboro,TN,2012 Memorial Blvd,Unique store number,0,1
2219506,416,Murfreesboro,TN,140 Joe B Jackson Pkwy,Unique store number,0,1
377795,5057,Murfreesboro,TN,2900 S Rutherford Blvd,Unique store number,0,1
2333636,5148,Murfreesboro,TN,1153 Fortress Blvd,Unique store number,0,1
2333637,5182,Murfreesboro,TN,2478 New Salem Hwy,Unique store number,0,1
304836,682,Murfreesboro,TN,2000 Old Fort Pkwy,Unique store number,0,1
787706,302,Murphysboro,IL,6495 Country Club Rd,Unique store number,0,1
303628,410,Murray,KY,809 N 12th St,Unique store number,0,1
2338051,3442,Murrells Inlet,SC,11980 Hwy 17 Byp,Unique store number,0,1
894951,5705,Murrells Inlet,SC,545 Garden City Connector,Unique store number,0,1
302866,2952,Murrieta,CA,41200 Murrieta Hot Springs Rd,Unique store number,0,1
303296,559,Muscatine,IA,3003 N Highway 61,Unique store number,0,1
895727,4677,Muskego,WI,W159S6530 Moorland Rd,Unique store number,0,1
303865,2238,Muskegon,MI,1879 E Sherman Blvd,Unique store number,0,1
304532,130,Muskogee,OK,1000 W Shawnee St,Unique store number,0,1
304743,2712,MYRTLE BEACH,SC,541 Seaboard St,Unique store number,0,1
2366729,2870,Myrtle Beach,SC,3915 N Kings Hwy,Unique store number,0,1
2120187,2887,Myrtle Beach,SC,125 Maryport Dr,Unique store number,0,1
2455525,5367,Myrtle Beach,SC,1705 S Kings Hwy,Unique store number,0,1
2360432,5923,Myrtle Beach,SC,3650 Walton Dr,Unique store number,0,1
304742,643,MYRTLE BEACH,SC,10820 Kings Rd,Unique store number,0,1
787687,4460,Maumelle,AR,12001 Maumelle Blvd,Unique store number,0,1
773974,4339,North Las Vegas,NV,5940 Losee Rd,Unique store number,0,1
303082,623,North Fort Myers,FL,545 Pine Island Rd,Unique store number,0,1
303323,2781,Nampa,ID,2100 12th Ave Rd,Unique store number,0,1
2151119,4180,Nampa,ID,175 S Middleton Rd,Unique store number,0,1
707506,3739,Nampa,ID,5875 E Franklin Rd,Unique store number,0,1
302867,2925,Napa,CA,681 Lincoln Ave,Unique store number,0,1
2046238,4570,Napanoch,NY,7500 State Rte 209,Unique store number,0,1
304455,1416,NAPOLEON,OH,1815 Scott St,Unique store number,0,1
302738,33,Nashville,AR,1710 S 4th St,Unique store number,0,1
746319,3717,Nashville,TN,4040 Nolensville Pike,Unique store number,0,1
871726,4435,Nashville,TN,3458 Dickerson Pike,Unique store number,0,1
787648,4459,Nashville,NC,1205 Eastern Ave,Unique store number,0,1
478248,5119,Nashville,TN,5531 Edmondson Pike,Unique store number,0,1
1322026,5616,Nashville,TN,2421 Powell Ave,Unique store number,0,1
304839,659,Nashville,TN,7044 Charlotte Pike,Unique store number,0,1
304838,688,Nashville,TN,5824 Nolensville Pike,Unique store number,0,1
787675,3738,Natrona Heights,PA,100 Highlands Mall,Unique store number,0,1
746333,4209,Nebraska City,NE,2101 S 11th St,Unique store number,0,1
523886,2986,Neenah,WI,1155 W Winneconne Ave,Unique store number,0,1
304456,1564,Portsmouth,OH,4490 Gallia St,Unique store number,0,1
305054,181,New Boston,TX,800 James Bowie Dr,Unique store number,0,1
303494,1758,New Castle,IN,3167 S State Road 3,Unique store number,0,1
304653,2287,New Castle,PA,2501 W State St,Unique store number,0,1
303002,2555,New Castle,DE,117 Wilton Blvd,Unique store number,0,1
466398,5048,New Hudson,MI,30729 Lyon Center Dr E,Unique store number,0,1
303676,1163,New Orleans,LA,4001 Behrman Pl,Unique store number,0,1
2303767,3167,New Orleans,LA,4301 Chef Menteur Hwy,Unique store number,0,1
553973,5022,New Orleans,LA,1901 Tchoupitoulas St,Unique store number,0,1
2132074,912,New Orleans,LA,6000 Bullard Ave,Unique store number,0,1
304840,1159,New Tazewell,TN,432 S Broad St,Unique store number,0,1
304534,1056,Newcastle,OK,3300 Tri City Dr,Unique store number,0,1
897388,494,Newnan,GA,1025 Highway 34 E,Unique store number,0,1
907518,5845,Niceville,FL,1300 John Sims Pkwy E,Unique store number,0,1
707513,3725,Niles,IL,8500 W Golf Rd,Unique store number,0,1
303495,923,Noblesville,IN,16865 Clover Rd,Unique store number,0,1
303745,1984,NORTH ADAMS,MA,1415 Curran Memorial Hwy,Unique store number,0,1
303746,2366,North Attleboro,MA,1470 S Washington St,Unique store number,0,1
304458,2361,North Canton,OH,4572 Mega St NW,Unique store number,0,1
2258575,7174,Richmond,VA,5700 Hopkins Rd,Unique store number,0,1
303747,2157,North Dartmouth,MA,506 State Rd,Unique store number,0,1
1322545,5241,Irwin,PA,915 Mills Dr,Unique store number,0,1
706768,3351,Las Vegas,NV,6464 N Decatur Blvd,Unique store number,0,1
305143,1888,Logan,UT,1550 N Main St,Unique store number,0,1
303748,2012,North Oxford,MA,742 Main St,Unique store number,0,1
304231,1585,North Platte,NE,1401 S Dewey St,Unique store number,0,1
303496,1157,North Vernon,IN,2410 N State Highway 3,Unique store number,0,1
302987,2022,North Windham,CT,474 Boston Post Rd,Unique store number,0,1
303750,2158,Northborough,MA,200 Otis St,Unique store number,0,1
2151124,4747,Denver,CO,10755 Washington St,Unique store number,0,1
302660,2306,Northport,AL,5710 McFarland Blvd,Unique store number,0,1
2388299,5248,Northport,AL,1660 Mcfarland Blvd,Unique store number,0,1
305197,1302,Norton,VA,780 Commonwealth Dr,Unique store number,0,1
303803,2045,Nottingham,MD,8118 Perry Hills Ct,Unique store number,0,1
305051,163,Nacogdoches,TX,4810 North St,Unique store number,0,1
2345897,4674,Nacogdoches,TX,1030 N University Dr,Unique store number,0,1
2303753,1401,Naperville,IL,2552 W 75th St,Unique store number,0,1
303083,1119,Naples,FL,3451 Tamiami Trl E,Unique store number,0,1
303084,1957,Naples,FL,11225 Tamiami Trl N,Unique store number,0,1
749698,3417,Naples,FL,6650 Collier Blvd,Unique store number,0,1
764449,4354,Naples,FL,5010 Airport Pulling Rd N,Unique store number,0,1
595440,5055,Naples,FL,9885 Collier Blvd,Unique store number,0,1
664103,5391,Naples,FL,5420 Juliet Blvd,Unique store number,0,1
304076,874,Natchez,MS,314 Sgt Prentiss Dr,Unique store number,0,1
303702,170,Natchitoches,LA,925 Keyser Ave,Unique store number,0,1
466397,5023,National City,CA,1200 Highland Ave,Unique store number,0,1
302984,2284,NAUGATUCK,CT,1100 New Haven Rd,Unique store number,0,1
746312,3439,Navarre,FL,9360 Navarre Pkwy,Unique store number,0,1
2608049,4582,Navarre,FL,7360 Navarre Pkwy,Unique store number,0,1
305052,293,Navasota,TX,1712 E Washington Ave,Unique store number,0,1
303995,17,Neosho,MO,3200 Lusk Dr,Unique store number,0,1
513550,5142,Neptune,NJ,3575 State Route 66,Unique store number,0,1
303996,34,Nevada,MO,2250 Lincoln Ave,Unique store number,0,1
304077,153,New Albany,MS,202 Park Plaza Dr,Unique store number,0,1
312113,2691,New Albany,IN,2910 Grant Line Rd,Unique store number,0,1
2303769,5438,New Berlin,WI,15205 W Greenfield Ave,Unique store number,0,1
304173,1300,New Bern,NC,3105 Dr M L King Jr Blvd,Unique store number,0,1
2103625,7218,New Bern,NC,2915 Neuse Blvd,Unique store number,0,1
305055,865,New Braunfels,TX,1209 S Interstate 35,Unique store number,0,1
2449622,6579,New Caney,TX,20310 Us Highway 59,Unique store number,0,1
330576,1677,New Hartford,NY,4765 Commercial Dr,Unique store number,0,1
544538,5439,New Haven,CT,315 Foxon Blvd,Unique store number,0,1
303703,533,New Iberia,LA,1205 E Admiral Doyle Dr,Unique store number,0,1
2388290,5773,New Iberia,LA,1201 Parkview Dr,Unique store number,0,1
895728,4529,New Lenox,IL,501 E Lincoln Hwy,Unique store number,0,1
305299,1471,New London,WI,1717 N Shawano St,Unique store number,0,1
305343,2684,New Martinsville,WV,1142 S Bridge St,Unique store number,0,1
338835,3546,New Milford,CT,164 Danbury Rd,Unique store number,0,1
304457,2115,New Philadelphia,OH,231 Bluebell Dr SW,Unique store number,0,1
2220292,2391,NEW PORT RICHEY,FL,8745 Little Rd,Unique store number,0,1
303085,994,NEW PORT RICHEY,FL,8745 State Road 54,Unique store number,0,1
670779,5432,New Richmond,WI,250 Richmond Way,Unique store number,0,1
303705,1196,New Roads,LA,460 Hospital Rd,Unique store number,0,1
303086,1079,New Smyrna Beach,FL,3155 S Rd 44,Unique store number,0,1
751951,3760,New Ulm,MN,1720 Westridge Rd,Unique store number,0,1
361848,3580,Newark,OH,1315 N 21st St,Unique store number,0,1
304744,624,Newberry,SC,2812 Main St,Unique store number,0,1
304373,2104,Newburgh,NY,1201 Route 300,Unique store number,0,1
864833,5728,Newburgh,IN,8599 High Pointe Dr,Unique store number,0,1
304251,2398,Portsmouth,NH,2200 Woodbury Ave,Unique store number,0,1
302986,2965,NEWINGTON,CT,3164 Berlin Tpke,Unique store number,0,1
302739,18,Newport,AR,1211 Highway 367 N,Unique store number,0,1
304584,1925,Newport,OR,160 NW 25th St,Unique store number,0,1
304697,2885,Newport,RI,199 Connell Hwy,Unique store number,0,1
304841,678,Newport,TN,1075 Cosby Hwy,Unique store number,0,1
2303773,7098,Newport,NC,6645 Highway 70,Unique store number,0,1
305195,1773,Newport News,VA,12401 Jefferson Ave,Unique store number,0,1
1824041,3157,Newport News,VA,11214 Jefferson Ave,Unique store number,0,1
1815425,4623,Newport News,VA,6111 Jefferson Ave,Unique store number,0,1
304078,1069,Newton,MS,231 Eastside Dr,Unique store number,0,1
303554,2428,Newton,KS,1701 S Kansas Rd,Unique store number,0,1
304277,2604,Newton,NJ,26 Hampton House Rd,Unique store number,0,1
2333673,4432,Newton,NC,1818 Northwest Blvd,Unique store number,0,1
303297,748,Newton,IA,300 Iowa Speedway Dr,Unique store number,0,1
861012,1909,Niagara Falls,NY,1540 Military Rd,Unique store number,0,1
303629,1210,Nicholasville,KY,1024 N Main St,Unique store number,0,1
303866,2010,Niles,MI,2107 S 11th St,Unique store number,0,1
303398,2816,Niles,IL,5630 W Touhy Ave,Unique store number,0,1
303997,2702,Nixa,MO,1102 N Massey Blvd,Unique store number,0,1
302783,1324,Nogales,AZ,100 W White Park Dr,Unique store number,0,1
1947849,3067,Norcross,GA,4975 Jimmy Carter Blvd,Unique store number,0,1
305196,1811,Norfolk,VA,1170 N Military Hwy,Unique store number,0,1
746353,5488,Norfolk,VA,7530 Tidewater Dr,Unique store number,0,1
856154,5755,Norfolk,VA,1720 E Little Creek Rd,Unique store number,0,1
304230,645,Norfolk,NE,2400 W Pasewalk Ave,Unique store number,0,1
2208400,6798,Norfolk,VA,3350 E Princess Anne Rd,Unique store number,0,1
303399,1125,Normal,IL,300 Greenbriar Dr,Unique store number,0,1
304535,212,NORMAN,OK,333 N Interstate Dr,Unique store number,0,1
304536,2734,NORMAN,OK,601 12th Ave NE,Unique store number,0,1
1947879,5805,NORMAN,OK,3571 W Rock Creek Rd,Unique store number,0,1
2353245,7294,NORMAN,OK,3651 Classen Blvd,Unique store number,0,1
2219718,7308,NORMAN,OK,2551 Classen Blvd,Unique store number,0,1
304745,1270,North Augusta,SC,1201 Knox Ave,Unique store number,0,1
2303757,6576,North Augusta,SC,1041 Edgefield Rd,Unique store number,0,1
869343,3795,North Bergen,NJ,2100 88th St,Unique store number,0,1
304278,2003,North Brunswick,NJ,979 Us Highway 1,Unique store number,0,1
304746,1359,Charleston,SC,7400 Rivers Ave,Unique store number,0,1
646594,3367,NORTH CHARLESTON,SC,4920 Centre Pointe Dr,Unique store number,0,1
304252,2140,North Conway,NH,46 N South Rd,Unique store number,0,1
2108612,5450,North East,MD,75 N East Plz,Unique store number,0,1
2258604,4393,North Highlands,CA,4675 Watt Ave,Unique store number,0,1
304698,2261,North Kingstown,RI,1031 Ten Rod Rd,Unique store number,0,1
304319,2592,North Las Vegas,NV,1807 W Craig Rd,Unique store number,0,1
749735,3728,North Las Vegas,NV,3950 W Lake Mead Blvd,Unique store number,0,1
1825248,1851,Pompano Beach,FL,7900 W Mcnab Rd,Unique store number,0,1
302752,1105,North Little Rock,AR,4450 E Mccain Blvd,Unique store number,0,1
665980,3235,Miami,FL,1425 NE 163rd St,Unique store number,0,1
513547,5087,North Myrtle Beach,SC,550 Highway 17 N,Unique store number,0,1
304459,2316,North Olmsted,OH,24801 Brookpark Rd,Unique store number,0,1
703942,3387,North Port,FL,17000 Tamiami Trl,Unique store number,0,1
2333662,7221,North Port,FL,1100 S Main St,Unique store number,0,1
303749,2660,North Reading,MA,72 Main St,Unique store number,0,1
322250,3274,North Richland Hills,TX,9101 N Tarrant Pkwy,Unique store number,0,1
305050,807,North Richland Hills,TX,6401 NE Loop 820,Unique store number,0,1
304702,2225,North Smithfield,RI,7 Dowling Village Blvd,Unique store number,0,1
1490973,4597,North Tonawanda,NY,886 Niagara Falls Blvd,Unique store number,0,1
304655,2588,North Versailles,PA,100 Walmart Dr,Unique store number,0,1
303751,2901,Northampton,MA,180 N King St,Unique store number,0,1
303400,1933,Melrose Park,IL,137 W North Ave,Unique store number,0,1
304460,1986,Norwalk,OH,340 Westwind Dr,Unique store number,0,1
302988,2954,Norwalk,CT,650 Main Ave,Unique store number,0,1
304375,2120,Norwich,NY,5396 State Highway 12,Unique store number,0,1
302989,2170,Norwich,CT,220 Salem Tpke,Unique store number,0,1
1490963,5893,Novi,MI,26090 Ingersol Dr,Unique store number,0,1
303401,1418,OFallon,IL,1530 W Highway 50,Unique store number,0,1
303999,2616,OFallon,MO,1307 Highway K,Unique store number,0,1
303916,1861,Stillwater,MN,5815 Norell Ave N,Unique store number,0,1
303795,2894,Oakland,MD,13164 Garrett Hwy,Unique store number,0,1
787690,4533,Oakland,TN,105 Chickasaw Ridge Dr,Unique store number,0,1
706603,5309,Oberlin,OH,46440 Us Highway 20,Unique store number,0,1
303089,1847,Ocala,FL,4980 E Silver Springs Blvd,Unique store number,0,1
4411040,4245,Ocala,FL,3525 SE Maricamp Rd,Unique store number,0,1
1947794,4368,Ocala,FL,34 Bahia Ave,Unique store number,0,1
2388296,4434,Ocala,FL,7855 SW Hwy 200,Unique store number,0,1
595494,5326,Ocala,FL,9570 SW Highway 200,Unique store number,0,1
303088,697,Ocala,FL,2600 SW 19th Avenue Rd,Unique store number,0,1
2208307,7129,Ogallala,NE,201 Pony Express Ln,Unique store number,0,1
304538,1626,Oklahoma City,OK,2000 W Memorial Rd,Unique store number,0,1
24550,2394,Oklahoma City,OK,1500 SW 59th St,Unique store number,0,1
304539,2804,Oklahoma City,OK,1801 Belle Isle Blvd,Unique store number,0,1
138116,2877,Oklahoma City,OK,11101 N Rockwell Ave,Unique store number,0,1
25658,2878,Oklahoma City,OK,911 SW 104th St,Unique store number,0,1
2438916,3327,Oklahoma City,OK,2900 SW 134th St,Unique store number,0,1
704463,3430,Oklahoma City,OK,9011 NE 23rd St,Unique store number,0,1
652038,3615,Oklahoma City,OK,2217 NW 23rd St,Unique store number,0,1
544526,5314,Oklahoma City,OK,4420 S Western Ave,Unique store number,0,1
2333641,5323,Oklahoma City,OK,13503 S Santa Fe Ave,Unique store number,0,1
304541,564,Oklahoma City,OK,6100 W Reno Ave,Unique store number,0,1
304537,622,Oklahoma City,OK,7800 NW Expressway,Unique store number,0,1
2386012,7326,Oklahoma City,OK,3301 SW 104th St,Unique store number,0,1
304540,743,Oklahoma City,OK,100 E I 240 Service Rd,Unique store number,0,1
801455,4475,OLATHE,KS,395 N K 7 Hwy,Unique store number,0,1
302990,2898,Old Saybrook,CT,665 Boston Post Rd,Unique store number,0,1
2303788,3724,Orangeburg,SC,332 Stonewall Jackson Blvd,Unique store number,0,1
897375,616,Orangeburg,SC,2795 North Rd,Unique store number,0,1
670773,5264,Osprey,FL,13140 S Tamiami Trl,Unique store number,0,1
303299,1285,Ottumwa,IA,1940 Venture Dr,Unique store number,0,1
304543,168,Owasso,OK,12101 E 96th St N,Unique store number,0,1
2311822,4585,Owasso,OK,11551 N 129th East Ave,Unique store number,0,1
871646,5840,Owasso,OK,12912 E 86th St N,Unique store number,0,1
646622,3363,Owensboro,KY,3151 Leitchfield Rd,Unique store number,0,1
303630,701,Owensboro,KY,5031 Frederica St,Unique store number,0,1
304001,354,Owensville,MO,1888 Highway 28,Unique store number,0,1
303867,1733,Owosso,MI,1621 E M 21,Unique store number,0,1
304174,1579,Oxford,NC,1015 Lewis St,Unique store number,0,1
2108568,2183,Oxford,ME,1240 Main St,Unique store number,0,1
304462,2275,Oxford,OH,5720 College Corner Pike,Unique store number,0,1
1490971,5795,Oxford,PA,800 Commons Dr,Unique store number,0,1
322259,699,Oxford,MS,2530 Jackson Ave W,Unique store number,0,1
302663,809,Oxford,AL,92 Plaza Ln,Unique store number,0,1
303706,1108,Oak Grove,LA,705 S Constitution Ave,Unique store number,0,1
303998,2856,Oak Grove,MO,201 SE Salem St,Unique store number,0,1
670765,3362,Oak Grove,KY,14800 Fort Campbell Blvd,Unique store number,0,1
305244,2319,Oak Harbor,WA,1250 SW Erie St,Unique store number,0,1
455120,1194,Oak Ridge,TN,373 S Illinois Ave,Unique store number,0,1
303707,1107,Oakdale,LA,1900 Highway 165 S,Unique store number,0,1
761094,3627,Oakwood,GA,3875 Mundy Mill Rd,Unique store number,0,1
304079,1346,Ocean Springs,MS,3911 Bienville Blvd,Unique store number,0,1
2438919,5776,Ocean Springs,MS,6412 Washington Ave,Unique store number,0,1
302868,2245,Oceanside,CA,705 College Blvd,Unique store number,0,1
302869,2494,Oceanside,CA,2100 Vista Way,Unique store number,0,1
528094,5075,Oceanside,CA,3405 Marron Rd,Unique store number,0,1
2103621,5637,Oceanside,CA,1046 Mission Ave,Unique store number,0,1
322260,942,Ocoee,FL,10500 W Colonial Dr,Unique store number,0,1
305057,2891,Odessa,TX,2450 W Loop 338,Unique store number,0,1
305056,537,Odessa,TX,4210 John Ben Shepperd Pkwy,Unique store number,0,1
305139,2921,OGDEN,UT,534 N Harrisville Rd,Unique store number,0,1
959174,3789,OGDEN,UT,1959 Wall Ave,Unique store number,0,1
304376,2092,Ogdensburg,NY,3000 Ford Street Ext,Unique store number,0,1
303091,814,Okeechobee,FL,2101 S Parrott Ave,Unique store number,0,1
460172,2866,Okemos,MI,5110 Times Square Pl,Unique store number,0,1
304542,121,Okmulgee,OK,1800 S Wood Dr,Unique store number,0,1
2083144,4198,OLATHE,KS,18555 W 151st St,Unique store number,0,1
303555,577,OLATHE,KS,13600 S Alden St,Unique store number,0,1
304279,2825,Old Bridge,NJ,1126 US Highway 9,Unique store number,0,1
2104745,4153,Old Bridge,NJ,2825 State Route 18,Unique store number,0,1
303092,2796,Oldsmar,FL,3801 Tampa Rd,Unique store number,0,1
304377,2159,Olean,NY,1869 Plaza Dr,Unique store number,0,1
304080,2846,Olive Branch,MS,7950 Craft Goodman Frontage Rd,Unique store number,0,1
303402,254,Olney,IL,1001 N West St,Unique store number,0,1
2385927,4049,Olympia Fields,IL,21000 Western Ave,Duplicate store number resolved by coordinates,0.16,2
304232,1637,OMAHA,NE,6304 N 99th St,Unique store number,0,1
2083155,3151,Omaha,NE,5018 Ames Ave,Unique store number,0,1
2083156,3152,Omaha,NE,2451 N 90th St,Unique store number,0,1
1935805,3153,Omaha,NE,6710 S 167th St,Unique store number,0,1
1947856,3172,Omaha,NE,5051 L St,Unique store number,0,1
304233,3267,OMAHA,NE,18201 Wright St,Unique store number,0,1
1824974,4138,Omaha,NE,13105 Birch Dr,Unique store number,0,1
2151112,4139,Omaha,NE,360 N Saddle Creek Rd,Unique store number,0,1
826931,4358,Omaha,NE,1606 S 72nd St,Unique store number,0,1
553982,5361,Omaha,NE,12850 L St,Unique store number,0,1
665982,5141,Omaha,NE,16960 W Maple Rd,Unique store number,0,1
305245,1947,Omak,WA,902 Engh Rd,Unique store number,0,1
305300,1679,Onalaska,WI,3107 Market Pl,Unique store number,0,1
867189,2444,Oneida,NY,2024 Genesee St,Unique store number,0,1
304843,583,Oneida,TN,19740 Alberta St,Unique store number,0,1
304379,2262,Oneonta,NY,5054 State Highway 23,Unique store number,0,1
302661,315,Oneonta,AL,2453 2nd Ave E,Unique store number,0,1
893491,4378,Onley,VA,26036 Lankford Hwy,Unique store number,0,1
304585,1951,Ontario,OR,1775 E Idaho Ave,Unique store number,0,1
1992794,3796,Ontario,CA,1333 N Mountain Ave,Unique store number,0,1
746328,3835,Ooltewah,TN,5588 Little Debbie Pkwy,Unique store number,0,1
302662,355,OPELIKA,AL,2900 Pepperell Pkwy,Unique store number,0,1
2333634,5125,Opelousas,LA,2310 S Union St,Unique store number,0,1
303708,543,Opelousas,LA,1629 Creswell Ln Ext,Unique store number,0,1
303752,2329,Orange,MA,555 E Main St,Unique store number,0,1
302870,2546,Orange,CA,2300 N Tustin St,Unique store number,0,1
984792,5653,Orange Beach,AL,25241 Perdido Beach Blvd Ste W,Unique store number,0,1
303093,563,Orange City,FL,2400 Veterans Memorial Pkwy,Unique store number,0,1
787702,1225,ORANGE PARK,FL,899 Blanding Blvd,Unique store number,0,1
303095,2920,Fleming Island,FL,1505 County Road 220,Unique store number,0,1
801454,4309,Orangevale,CA,8961 Greenback Ln,Unique store number,0,1
377792,5029,Oregon,OH,3721 Navarre Ave,Unique store number,0,1
305144,1768,Orem,UT,1355 Sandhill Rd,Unique store number,0,1
2303761,1556,Tinley Park,IL,9265 159th St,Unique store number,0,1
303098,1084,Orlando,FL,3838 S Semoran Blvd,Unique store number,0,1
303099,1220,Orlando,FL,2500 S Kirkman Rd,Unique store number,0,1
1824972,2499,Orlando,FL,8801 Conroy Windermere Rd,Unique store number,0,1
2004333,3162,Orlando,FL,2715 S Orange Ave,Unique store number,0,1
744844,3617,Orlando,FL,600 S Alafaya Trl,Unique store number,0,1
773958,3782,Orlando,FL,5991 S Goldenrod Rd,Unique store number,0,1
764443,3817,Orlando,FL,433 Avalon Park South Blvd,Unique store number,0,1
1974049,4142,Orlando,FL,4520 S Semoran Blvd,Unique store number,0,1
1947864,4160,Orlando,FL,1101 S Goldwyn Ave,Unique store number,0,1
2434565,4197,Orlando,FL,902 Lee Rd,Unique store number,0,1
744847,4211,Orlando,FL,5559 Clarcona Ocoee Rd,Unique store number,0,1
762810,4332,Orlando,FL,8990 Turkey Lake Rd,Unique store number,0,1
2438926,4365,Orlando,FL,11930 Narcoossee Rd,Unique store number,0,1
764453,4425,Orlando,FL,7818 W Colonial Dr,Unique store number,0,1
871725,4588,Orlando,FL,3101 W Princeton St,Unique store number,0,1
642818,5179,Orlando,FL,201 S Chickasaw Trl,Unique store number,0,1
2360423,5741,Orlando,FL,9047 Curry Ford Rd,Unique store number,0,1
1927624,5871,Orlando,FL,5734 S Orange Blossom Trl,Unique store number,0,1
1224005,5875,Orlando,FL,12550 S Orange Blossom Trl,Unique store number,0,1
2151133,5988,Orlando,FL,2271 N Semoran Blvd,Unique store number,0,1
2608051,6149,Orlando,FL,13801 Landstar Blvd,Unique store number,0,1
303097,890,Orlando,FL,11250 E Colonial Dr,Unique store number,0,1
303096,908,Orlando,FL,8101 S John Young Pkwy,Unique store number,0,1
303100,613,Ormond Beach,FL,1521 W Granada Blvd,Unique store number,0,1
827980,3379,Tucson,AZ,2150 E Tangerine Rd,Unique store number,0,1
764448,4264,Tucson,AZ,7951 N Oracle Rd,Unique store number,0,1
302871,1575,Oroville,CA,465 Cal Oak Rd,Unique store number,0,1
304000,815,Osage Beach,MO,4252 Hwy 54,Unique store number,0,1
787693,4606,Osceola,IA,2400 College Dr,Unique store number,0,1
302741,74,Osceola,AR,2720 W Keiser Ave,Unique store number,0,1
305301,1430,OSHKOSH,WI,351 S Washburn St,Unique store number,0,1
303298,1393,Oskaloosa,IA,2203 A Ave W,Unique store number,0,1
304380,1926,Oswego,NY,341 St Hwy 104 E,Unique store number,0,1
764633,3400,Oswego,IL,2300 Us Highway 34,Unique store number,0,1
305246,3217,Othello,WA,1860 E Main St,Unique store number,0,1
304461,2542,Ottawa,OH,1720 N Perry St,Unique store number,0,1
303556,382,Ottawa,KS,2101 S Princeton St,Unique store number,0,1
303404,852,Ottawa,IL,4041 Veterans Dr,Unique store number,0,1
303557,1599,Overland Park,KS,11701 Metcalf Ave,Unique store number,0,1
303558,1691,Overland Park,KS,7701 Frontage Rd,Unique store number,0,1
473233,3273,Overland Park,KS,15700 Metcalf Ave,Unique store number,0,1
478254,5207,Overland Park,KS,9000 Metcalf Ave,Unique store number,0,1
466460,5106,OVIEDO,FL,4255 Alafaya Trl,Unique store number,0,1
1339470,5894,OVIEDO,FL,5511 Deep Lake Rd,Unique store number,0,1
303917,982,Owatonna,MN,1130 W Frontage Rd,Unique store number,0,1
897369,2032,Oxnard,CA,2001 N Rose Ave,Unique store number,0,1
1815429,3087,Oxnard,CA,2701 Saviers Rd,Unique store number,0,1
1798013,5643,Oxnard,CA,421 W Esplanade Dr,Unique store number,0,1
302742,209,Ozark,AR,1516 N 18th St,Unique store number,0,1
304002,379,Ozark,MO,2004 W Marler Ln,Unique store number,0,1
302664,740,Ozark,AL,1537 S Us Highway 231,Unique store number,0,1
302784,1442,Page,AZ,1017 W Haul Rd,Unique store number,0,1
406466,5101,Pahrump,NV,300 S Highway 160,Unique store number,0,1
2108584,2992,Painted Post,NY,3217 Silverback Ln,Unique store number,0,1
303101,551,Palatka,FL,1024 S State Road 19,Unique store number,0,1
303102,1182,Palm Coast,FL,174 Cypress Point Pkwy,Unique store number,0,1
2360429,4441,West Palm Beach,FL,4400 Forest Hill Blvd,Duplicate store number resolved by coordinates,0.09,2
305060,148,Paris,TX,3855 Lamar Ave,Unique store number,0,1
304844,177,Paris,TN,1210 Mineral Wells Ave,Unique store number,0,1
302744,230,Paris,AR,1501 E Walnut St,Unique store number,0,1
303406,2934,Paris,IL,15150 Us Highway 150,Unique store number,0,1
303634,493,Paris,KY,305 Letton Dr,Unique store number,0,1
751509,4244,Park Rapids,MN,1303 Charles St,Unique store number,0,1
302965,2892,Parker,CO,11101 S Parker Rd,Unique store number,0,1
859633,4543,Parker,AZ,100 W Riverside Dr,Unique store number,0,1
303560,368,PARSONS,KS,3201 N 16th St,Unique store number,0,1
302877,2099,Paso Robles,CA,180 Niblick Rd,Unique store number,0,1
304544,1043,Pauls Valley,OK,2008 W Grant Ave,Unique store number,0,1
2151122,4439,Paw Paw,MI,1013 S Kalamazoo St,Unique store number,0,1
2220297,6971,Pea Ridge,AR,240 Slack St,Unique store number,0,1
326848,3461,Peachtree City,GA,2717 Highway 54,Unique store number,0,1
330586,3510,Pearland,TX,1710 Broadway St,Unique store number,0,1
985170,3572,Pearland,TX,10505 Broadway St,Unique store number,0,1
2219724,7361,Pearland,TX,12631 Broadway St,Unique store number,0,1
305063,872,Pearland,TX,1919 N Main St,Unique store number,0,1
304586,2492,Pendleton,OR,2203 SW Court Ave,Unique store number,0,1
2108497,796,Peru,IL,5307 State Hwy 251,Unique store number,0,1
304084,887,Petal,MS,36 Byrd Blvd,Unique store number,0,1
824331,4293,Phoenix,AZ,2435 E Baseline Rd,Unique store number,0,1
746321,3771,Phoenix,AZ,6150 S 35th Ave,Unique store number,0,1
330577,2886,Pico Rivera,CA,8500 Washington Blvd,Unique store number,0,1
304282,2633,Piscataway,NJ,1303 Centennial Ave,Unique store number,0,1
304120,1795,Pisgah Forest,NC,177 Forest Gate Dr,Unique store number,0,1
303753,2228,Pittsfield,MA,555 Hubbard Ave Ste 12,Unique store number,0,1
303410,480,Pittsfield,IL,151 Shetland Dr,Unique store number,0,1
303869,2061,PLAINWELL,MI,412 Oaks Xing,Unique store number,0,1
304253,1930,Plaistow,NH,58 Plaistow Rd Ste B1,Unique store number,0,1
303411,1003,Plano,IL,6800 W Us Highway 34,Unique store number,0,1
305067,1117,Plano,TX,6001 N Central Expy,Unique store number,0,1
305068,2086,Plano,TX,1700 Dallas Pkwy,Unique store number,0,1
305069,2883,Plano,TX,8801 Ohio Dr,Unique store number,0,1
249142,2926,Plano,TX,6000 Coit Rd,Unique store number,0,1
1798007,3199,Plano,TX,3513 E Park Blvd,Unique store number,0,1
305071,3482,Plano,TX,425 Coit Rd,Unique store number,0,1
1947867,4182,Plano,TX,3312 Preston Rd,Unique store number,0,1
1406459,5657,Plano,TX,3100 Custer Rd,Unique store number,0,1
764437,2995,Plano,TX,8040 Independence Pkwy,Unique store number,0,1
303112,547,Plant City,FL,2602 James L Redman Pkwy,Unique store number,0,1
305302,958,Platteville,WI,1800 Progressive Pkwy,Unique store number,0,1
302880,2161,Pleasanton,CA,4501 Rosewood Dr,Unique store number,0,1
305072,757,Pleasanton,TX,2151 W Oaklawn Rd,Unique store number,0,1
305314,1828,Plover,WI,250 Crossroads Dr,Unique store number,0,1
303499,1978,Plymouth,IN,2505 N Oak Dr,Unique store number,0,1
303754,2336,Plymouth,MA,300 Colony Place Rd,Unique store number,0,1
338829,2758,Plymouth,NH,683 Tenney Mountain Hwy,Unique store number,0,1
322255,3497,Plymouth,WI,428 Walton Dr,Unique store number,0,1
302747,71,Pocahontas,AR,1415 Highway 67 S,Unique store number,0,1
303222,2860,Pooler,GA,160 Pooler Pkwy,Unique store number,0,1
2220295,6937,Port Charlotte,FL,2150 Tamiami Trl,Unique store number,0,1
303114,721,Port Charlotte,FL,19100 Murdock Cir,Unique store number,0,1
305074,1098,Port Lavaca,TX,400 Tiney Browning Blvd,Unique store number,0,1
2388293,3629,Port Orange,FL,3811 Clyde Morris Blvd,Unique store number,0,1
303115,582,Port Orange,FL,1590 Dunlawton Ave,Unique store number,0,1
513542,3527,Port Saint Lucie,FL,1675 NW Saint Lucie West Blvd,Unique store number,0,1
2345902,7299,Port Saint Lucie,FL,902 SW Saint Lucie West Blvd,Unique store number,0,1
303117,929,Port Saint Lucie,FL,10855 S Us Highway 1,Unique store number,0,1
302883,1877,Porterville,CA,1250 W Henderson Ave,Unique store number,0,1
303325,3472,POST FALLS,ID,3050 E Mullan Ave,Unique store number,0,1
893842,4395,POST FALLS,ID,6405 W Pointe Pkwy,Unique store number,0,1
824230,3329,Potsdam,NY,7494 Us Highway 11,Unique store number,0,1
528723,2761,Pounding Mill,VA,13320 GC Peery Hwy,Unique store number,0,1
305304,882,Prairie du Chien,WI,38020 Us Highway 18,Unique store number,0,1
2221251,4048,Prairieville,LA,40567 Highway 42,Unique store number,0,1
664102,5056,Prairieville,LA,17585 Airline Hwy,Unique store number,0,1
2455524,5310,Prairieville,LA,15047 Airline Hwy,Unique store number,0,1
303636,696,Prestonsburg,KY,477 Village Dr,Unique store number,0,1
305147,1573,Price,UT,255 S Highway 55,Unique store number,0,1
303502,1783,Princeton,IN,2700 W Broadway St,Unique store number,0,1
861010,204,Princeton,KY,1500 Us Highway 62 W,Unique store number,0,1
2303764,2933,Princeton,WV,201 Greasy Ridge Rd,Unique store number,0,1
1815434,3102,Princeton,MN,300 21st Ave N,Unique store number,0,1
303413,636,Princeton,IL,2111 Claude Bailey Pkwy,Unique store number,0,1
2353242,7178,Princeton,TX,701 W Princeton Dr,Unique store number,0,1
746307,3301,Providence,RI,51 Silver Spring St,Unique store number,0,1
304548,22,Pryor,OK,4901 S Mill St,Unique store number,0,1
302966,1001,Pueblo,CO,4080 W Northern Ave,Unique store number,0,1
2356062,5828,Pueblo,CO,2730 S Prairie Ave,Unique store number,0,1
302967,842,Pueblo,CO,4200 Dillon Dr,Unique store number,0,1
304549,139,Purcell,OK,2015 S Green Ave,Unique store number,0,1
303632,431,Paducah,KY,3220 Irvin Cobb Dr,Unique store number,0,1
303631,491,Paducah,KY,5130 Hinkleville Rd,Unique store number,0,1
2220371,5003,Pagosa Springs,CO,211 Aspen Village Dr,Unique store number,0,1
303633,1233,PAINTSVILLE,KY,470 N Mayo Trl,Unique store number,0,1
553999,5276,Palatine,IL,1555 N Rand Rd,Unique store number,0,1
305058,345,Palestine,TX,2223 S Loop 256,Unique store number,0,1
664104,5455,Palm Bay,FL,1040 Malabar Rd SE,Unique store number,0,1
2083151,3026,Palm Desert,CA,72314 Highway 111,Unique store number,0,1
703947,5096,Palm Desert,CA,34500 Monterey Ave,Unique store number,0,1
303103,1513,Palm Harbor,FL,35404 Us Highway 19 N,Unique store number,0,1
2311800,3414,Palm Harbor,FL,3400 E Lake Rd,Unique store number,0,1
302817,1832,Palm Springs,CA,5601 E Ramon Rd,Unique store number,0,1
1322549,5882,Lake Worth,FL,2765 10th Ave N,Unique store number,0,1
302873,1660,Palmdale,CA,40130 10th St W,Unique store number,0,1
302874,2950,Palmdale,CA,37140 47th St E,Unique store number,0,1
2258573,5689,Palmdale,CA,3875 W Rancho Vista Blvd,Unique store number,0,1
703466,3370,Palmetto,FL,508 10th St E,Unique store number,0,1
645179,3320,Mission,TX,215 E Mile 3 Rd,Unique store number,0,1
303816,2047,Palmyra,ME,1573 Main St,Unique store number,0,1
304656,2888,Palmyra,PA,100 N Londonderry Sq,Unique store number,0,1
305059,600,Pampa,TX,2801 N Charles St,Unique store number,0,1
303018,1207,Panama City,FL,725 N Tyndall Pkwy,Unique store number,0,1
1815520,3075,Panama City,FL,513 W 23rd St,Unique store number,0,1
1824968,3119,Panama City Beach,FL,15495 Panama City Beach Pkwy,Unique store number,0,1
303105,818,Panama City Beach,FL,10270 Front Beach Rd,Unique store number,0,1
302875,2568,Panorama City,CA,8333 Van Nuys Blvd,Unique store number,0,1
1490987,5605,Panorama City,CA,14530 Nordhoff St,Unique store number,0,1
305472,3594,Arlington,TX,2610 W Pioneer Pkwy,Unique store number,0,1
303559,242,Paola,KS,310 Hedge Ln,Unique store number,0,1
303497,2563,Paoli,IN,735 N Gospel St,Unique store number,0,1
304226,1671,Papillion,NE,8525 S 71st Plz,Unique store number,0,1
302743,36,Paragould,AR,2802 W Kingshighway,Unique store number,0,1
2360420,5780,Paragould,AR,2600 Linwood Dr,Unique store number,0,1
302876,2110,Paramount,CA,14501 Lakewood Blvd,Unique store number,0,1
305145,1827,Park City,UT,6545 N Landmark Dr,Unique store number,0,1
305346,2823,PARKERSBURG,WV,2900 Pike St,Unique store number,0,1
304657,2945,Parkesburg,PA,100 Commons Dr,Unique store number,0,1
513570,5082,Cleveland,OH,8303 W Ridgewood Dr,Unique store number,0,1
305062,2724,Pasadena,TX,1107 Shaver St,Unique store number,0,1
2103611,3161,Saint Petersburg,FL,6850 Gulfport Blvd S,Unique store number,0,1
2311834,5382,Pasadena,MD,8107 Governor Ritchie Hwy,Unique store number,0,1
305061,752,Pasadena,TX,5200 Fairmont Pkwy,Unique store number,0,1
304082,1066,Pascagoula,MS,4253 Denny Ave,Unique store number,0,1
680063,3380,Pasco,WA,4820 N Road 68,Unique store number,0,1
451297,5079,Pass Christian,MS,1617 E Beach Blvd,Unique store number,0,1
1815428,5843,PATTERSON,CA,1030 Sperry Ave,Unique store number,0,1
302785,1369,Payson,AZ,300 N Beeline Hwy,Unique store number,0,1
513554,5167,Payson,UT,1052 Turf Farm Rd,Unique store number,0,1
305198,2646,Pearisburg,VA,160 Kinter Way,Unique store number,0,1
304083,365,PEARL,MS,5520 Highway 80 E,Unique store number,0,1
680082,5274,Pearl city,HI,1131 Kuala St,Unique store number,0,1
305064,478,PEARSALL,TX,819 N Oak St,Unique store number,0,1
305065,898,PECOS,TX,1903 S Cedar St,Unique store number,0,1
303407,603,Pekin,IL,3320 Veterans Dr,Unique store number,0,1
523891,5262,Pelham,AL,2181 Pelham Pkwy,Unique store number,0,1
460176,5113,Pell City,AL,165 Vaughan Ln,Unique store number,0,1
303300,751,Pella,IA,1650 Washington St,Unique store number,0,1
670780,5489,Pembroke,NC,930 Hwy 711 E,Unique store number,0,1
303106,2591,Hollywood,FL,151 SW 184th Ave,Unique store number,0,1
1322551,5932,Hollywood,FL,12800 Pines Blvd,Unique store number,0,1
853650,4508,Penitas,TX,1705 Expressway 83,Unique store number,0,1
304280,2041,PENNSVILLE,NJ,709 S Broadway,Unique store number,0,1
303109,1222,Pensacola,FL,8970 Pensacola Blvd,Unique store number,0,1
303107,1224,Pensacola,FL,2650 Creighton Rd,Unique store number,0,1
303108,1605,Pensacola,FL,4600 Mobile Hwy Ste 122,Unique store number,0,1
303110,3484,Pensacola,FL,2951 S Blue Angel Pkwy,Unique store number,0,1
745551,3785,Pensacola,FL,501 N Navy Blvd,Unique store number,0,1
2151121,4357,Pensacola,FL,6670 Mobile Hwy,Unique store number,0,1
2449635,5771,Pensacola,FL,1525 E Nine Mile Rd,Unique store number,0,1
2278618,6531,Pensacola,FL,9301 Pine Forest Rd,Unique store number,0,1
303408,1323,Peoria,IL,3315 N University St,Unique store number,0,1
302786,1533,Peoria,AZ,7975 W Peoria Ave,Unique store number,0,1
466393,3460,Peoria,IL,8915 N Allen Rd,Unique store number,0,1
787900,3896,Peoria,AZ,21655 N Lake Pleasant Pkwy,Unique store number,0,1
2221282,4275,Peoria,AZ,7421 W Thunderbird Rd,Unique store number,0,1
302878,1747,Perris,CA,1800 N Perris Blvd,Unique store number,0,1
303221,2733,Perry,GA,1009 Saint Patricks Dr,Unique store number,0,1
305146,3454,Brigham City,UT,1200 S Commerce Way,Unique store number,0,1
523888,5172,Perry,FL,1900 S Jefferson St,Unique store number,0,1
787649,4479,Perrysburg,OH,10392 Fremont Pike,Unique store number,0,1
304003,82,Perryville,MO,1750 S Perryville Blvd,Unique store number,0,1
305199,2160,Petersburg,VA,3500 S Crater Rd,Unique store number,0,1
303868,2417,Petoskey,MI,1850 Anderson Rd,Unique store number,0,1
654796,3322,Pewaukee,WI,411 Pewaukee Rd,Unique store number,0,1
749700,5479,Pflugerville,TX,1548 Fm 685,Unique store number,0,1
302666,1284,Phenix City,AL,3700 Us Highway 431 N,Unique store number,0,1
2333655,5903,Phenix City,AL,3864 Us Highway 80 W,Unique store number,0,1
304085,205,Philadelphia,MS,1002 W Beacon St,Unique store number,0,1
1100974,2141,Philadelphia,PA,1675 S Columbus Blvd,Unique store number,0,1
2303783,2650,Philadelphia,PA,4301 Byberry Rd,Unique store number,0,1
451299,5103,Philadelphia,PA,4600 Roosevelt Blvd Bldg G,Unique store number,0,1
595453,5130,Philadelphia,PA,9745 Roosevelt Blvd Ste A,Unique store number,0,1
1339466,5891,Philadelphia,PA,2200 Wheatsheaf Ln,Unique store number,0,1
1403778,2497,Phillipsburg,NJ,1300 Us Highway 22,Unique store number,0,1
302789,1549,Phoenix,AZ,2020 N 75th Ave,Unique store number,0,1
302787,1598,Phoenix,AZ,4617 E Bell Rd,Unique store number,0,1
302788,2113,Phoenix,AZ,1607 W Bethany Home Rd,Unique store number,0,1
302791,2512,Phoenix,AZ,1825 W Bell Rd,Unique store number,0,1
302790,2515,Phoenix,AZ,3721 E Thomas Rd,Unique store number,0,1
2151152,2632,Phoenix,AZ,115 E Dunlap Ave,Unique store number,0,1
653022,3315,Glendale,AZ,4230 W Union Hills Dr,Unique store number,0,1
772549,4232,Phoenix,AZ,4747 E Cactus Rd,Unique store number,0,1
824332,4233,Phoenix,AZ,6550 W Happy Valley Rd,Unique store number,0,1
553974,5189,Phoenix,AZ,5250 W Indian School Rd,Unique store number,0,1
897363,5190,Phoenix,AZ,2501 W Happy Valley Rd Ste 34,Unique store number,0,1
652031,5329,Phoenix,AZ,4435 W Anthem Way,Unique store number,0,1
615600,5330,Phoenix,AZ,6145 N 35th Ave,Unique store number,0,1
595465,5331,Phoenix,AZ,7575 W Lower Buckeye Rd,Unique store number,0,1
2573118,6477,Phoenix,AZ,9600 N Metro Pkwy W,Unique store number,0,1
304086,970,PICAYUNE,MS,235 Frontage Rd,Unique store number,0,1
1831099,3191,Pickens,SC,2637 Gentry Memorial Hwy,Unique store number,0,1
304765,1685,Pierre,SD,1730 N Garfield Ave,Unique store number,0,1
303635,1505,Pikeville,KY,254 Cassidy Blvd,Unique store number,0,1
513540,3331,Pine Bluff,AR,5501 S Olive St,Unique store number,0,1
303918,2367,Pine City,MN,950 11th St SW,Unique store number,0,1
303111,1390,Pinellas Park,FL,8001 Us Highway 19 N,Unique store number,0,1
1947845,3013,Pinellas Park,FL,7500 66th St N,Unique store number,0,1
2220298,3736,Pineville,LA,2750 Highway 28 E,Unique store number,0,1
886815,5261,Pineville,MO,100 Commercial Ln,Unique store number,0,1
303709,75,Pineville,LA,3636 Monroe Hwy,Unique store number,0,1
680095,3765,Piqua,OH,1300 E Ash St,Unique store number,0,1
302879,1615,PITTSBURG,CA,2203 Loveridge Rd,Unique store number,0,1
2333654,5791,Pittsburg,KS,1011 E Centennial Dr,Unique store number,0,1
303561,72,PITTSBURG,KS,2710 N Broadway St,Unique store number,0,1
304660,2300,Pittsburgh,PA,250 Summit Park Dr,Unique store number,0,1
1406355,2543,Pittston,PA,390 Route 315 Hwy,Unique store number,0,1
361838,2418,Placerville,CA,4300 Missouri Flat Rd,Unique store number,0,1
2151141,6470,Plainfield,IN,900 W Main St,Unique store number,0,1
303498,828,PLAINFIELD,IN,2373 E Main St,Unique store number,0,1
305066,927,Plainview,TX,1501 N Interstate 27,Unique store number,0,1
832011,4595,Fort Lauderdale,FL,1885 N Pine Island Rd,Unique store number,0,1
303710,401,Plaquemine,LA,59690 Belleview Dr,Unique store number,0,1
304381,1994,Plattsburgh,NY,25 Consumer Sq,Unique store number,0,1
2151123,4700,Pleasant Grove,UT,1707 W State St,Unique store number,0,1
303796,2514,Pocomoke City,MD,2132 Old Snow Hill Rd,Unique store number,0,1
553976,5250,Kissimmee,FL,904 Cypress Pkwy,Unique store number,0,1
304463,2211,Youngstown,OH,1300 Doral Dr,Unique store number,0,1
304111,2607,Polson,MT,36318 Memory Ln,Unique store number,0,1
302881,2288,Pomona,CA,80 Rio Rancho Rd,Unique store number,0,1
2208403,3132,Pomona,CA,778 E Arrow Hwy,Unique store number,0,1
303113,1517,Pompano Beach,FL,5001 N Federal Hwy,Unique store number,0,1
322248,2962,Pompano Beach,FL,2300 W Atlantic Blvd,Unique store number,0,1
764450,4380,Coral Springs,FL,10635 W Atlantic Blvd,Unique store number,0,1
832004,4617,Pompano Beach,FL,1199 S Federal Hwy,Unique store number,0,1
304546,823,Ponca City,OK,1101 E Prospect Ave,Unique store number,0,1
506851,2026,Ponce,,,Unmatched,,0
2104744,4129,Ponchatoula,LA,1331 Highway 51,Unique store number,0,1
303324,2485,Ponderay,ID,476999 Highway 95,Unique store number,0,1
303412,1386,Pontiac,IL,1706 W Reynolds St,Unique store number,0,1
304087,164,Pontotoc,MS,100 Mccord Rd,Unique store number,0,1
304005,19,Poplar Bluff,MO,333 S Westwood Blvd,Unique store number,0,1
2221272,7127,Poplar Bluff,MO,3001 Oak Grove Rd,Unique store number,0,1
303711,1136,Port Allen,LA,3255 La Highway 1 S,Unique store number,0,1
906712,2196,Port Angeles,WA,3411 E Kolonels Way,Unique store number,0,1
897371,408,Port Arthur,TX,8585 Memorial Blvd,Unique store number,0,1
304464,1445,Port Clinton,OH,2826 East Harbor Rd,Unique store number,0,1
305073,413,Port Isabel,TX,1401 State Highway 100,Unique store number,0,1
305248,2325,Port Orchard,WA,3497 Bethel Rd SE,Unique store number,0,1
303116,1085,Port Richey,FL,8701 Us Highway 19,Unique store number,0,1
749699,4260,Port Saint Lucie,FL,1850 SW Gatlin Blvd,Unique store number,0,1
2455526,5704,Port Saint Lucie,FL,3045 SW Port St Lucie Blvd,Unique store number,0,1
305303,1799,Portage,WI,2950 New Pinery Rd,Unique store number,0,1
303500,2544,Portage,IN,6087 Us Highway 6,Unique store number,0,1
615598,5280,Portage,MI,8350 Shaver Rd,Unique store number,0,1
304305,2653,Portales,NM,1604 E Spruce St,Unique store number,0,1
305075,297,Porter,TX,23561 Highway 59,Unique store number,0,1
302882,2526,Porter Ranch,CA,19821 Rinaldi St,Unique store number,0,1
303501,2388,Portland,IN,950 W Votaw St,Unique store number,0,1
615608,5460,Portland,TX,2000 Us Highway 181,Unique store number,0,1
304254,2130,Portsmouth,NH,2460 Lafayette Rd,Unique store number,0,1
746326,3831,Portsmouth,VA,1098 Frederick Blvd,Unique store number,0,1
304547,31,Poteau,OK,3108 N BROADWAY ST,Unique store number,0,1
304006,173,Potosi,MO,1 Memorial Dr,Unique store number,0,1
304662,2263,Pottstown,PA,233 Shoemaker Rd,Unique store number,0,1
680098,5272,Poulsbo,WA,21200 Olhava Way NW,Unique store number,0,1
302884,1700,Poway,CA,13425 Community Rd,Unique store number,0,1
1797927,5847,Powhatan,VA,1950 Anderson Hwy,Unique store number,0,1
303562,419,Pratt,KS,2003 E 1st St,Unique store number,0,1
302667,483,Prattville,AL,1903 Cobbs Ford Rd,Unique store number,0,1
302792,1417,Prescott,AZ,3050 E State Route 69,Unique store number,0,1
615599,5303,Prescott,AZ,1280 Gail Gardner Way,Unique store number,0,1
2083138,3730,Prescott Valley,AZ,3450 N Glassford Hill Rd,Unique store number,0,1
303817,1924,Presque Isle,ME,781 Main St,Unique store number,0,1
303798,1716,Prince Frederick,MD,150 Solomons Island Rd N,Unique store number,0,1
2608052,6300,Prosper,TX,500 Richland Blvd,Unique store number,0,1
2103615,4100,Provo,UT,2255 N University Pkwy,Unique store number,0,1
680088,3382,Pueblo,CO,78 N McCulloch Blvd,Unique store number,0,1
304845,238,PULASKI,TN,1655 W College St,Unique store number,0,1
910983,1870,Pullman,WA,1690 SE Harvest Dr,Unique store number,0,1
705109,3349,Punta Gorda,FL,375 Kings Hwy,Unique store number,0,1
787700,778,Punta Gorda,FL,5001 Taylor Rd,Unique store number,0,1
312120,2664,PUNXSUTAWNEY,PA,21920 Route 119,Unique store number,0,1
302991,1980,Putnam,CT,625 School St,Unique store number,0,1
305249,2403,Puyallup,WA,310 31st Ave SE,Unique store number,0,1
746314,3525,Puyallup,WA,16502 Meridian E,Unique store number,0,1
746334,4215,Quinlan,TX,8801 State Highway 34 S,Unique store number,0,1
304663,2446,QUAKERTOWN,PA,195 N West End Blvd,Unique store number,0,1
1815521,4451,Queen Creek,AZ,21055 E Rittenhouse Rd,Unique store number,0,1
1028197,4403,QUEENSBURY,NY,24 Quaker Ridge Blvd,Unique store number,0,1
897367,1454,Quincy,IL,5211 Broadway St,Unique store number,0,1
303755,2341,Quincy,MA,301 Falls Blvd,Unique store number,0,1
1028196,4278,Belle,WV,1001 Warrior Way,Unique store number,0,1
303119,488,Quincy,FL,1940 Pat Thomas Pkwy,Unique store number,0,1
303697,761,Raceland,LA,4858 Highway 1,Unique store number,0,1
1815519,1372,Raleigh,NC,4500 Fayetteville Rd,Unique store number,0,1
304176,1751,Raleigh,NC,6600 Glenwood Ave,Unique store number,0,1
304177,2058,Raleigh,NC,1725 New Hope Church Rd,Unique store number,0,1
907516,4484,Raleigh,NC,8000 Town Dr,Unique store number,0,1
499069,5118,Raleigh,NC,10050 Glenwood Ave,Unique store number,0,1
553978,5292,Raleigh,NC,4431 New Bern Ave,Unique store number,0,1
302885,2457,RANCHO CORDOVA,CA,10655 Folsom Blvd,Unique store number,0,1
304007,319,Raymore,MO,2015 W Foxwood Dr,Unique store number,0,1
303756,2021,Raynham,MA,36 Paramount Dr,Unique store number,0,1
2090565,5448,Raynham,MA,160 Broadway,Unique store number,0,1
867294,1094,Kansas City,MO,10300 E State Route 350,Unique store number,0,1
302887,1608,Red Bluff,CA,608 Luther Rd,Unique store number,0,1
1357884,3433,Red Oak,TX,100 Ryan Dr,Unique store number,0,1
304588,2243,Redmond,OR,300 NW Oak Tree Ln,Unique store number,0,1
303919,1865,Redwood Falls,MN,1410 E Bridge St,Unique store number,0,1
304466,2726,Reynoldsburg,OH,2793 Taylor Road Ext,Unique store number,0,1
305307,1446,Rice Lake,WI,2501 West Ave,Unique store number,0,1
305308,1007,Richland Center,WI,2401 Us Hwy 14 E,Unique store number,0,1
2360435,1497,Richton Park,IL,22401 Central Ave,Unique store number,0,1
305079,1958,Rio Grande City,TX,4534 E Us Highway 83,Unique store number,0,1
2208237,3517,Rio Rancho,NM,1115 Nm Hwy 528 Se,Unique store number,0,1
684750,3732,Rio Rancho,NM,901 Unser Blvd SE,Unique store number,0,1
305148,1708,OGDEN,UT,4848 S 900 W,Unique store number,0,1
707512,3443,Riverdale,NJ,48 State Rt 23,Unique store number,0,1
303224,787,Riverdale,GA,7050 Highway 85,Unique store number,0,1
305362,1457,Riverton,WY,1733 N Federal Blvd,Unique store number,0,1
801452,3620,Riverton,UT,13502 S Hamilton View Rd,Unique store number,0,1
2220317,7043,Riverton,UT,1202 W 12600 S,Unique store number,0,1
303416,422,Robinson,IL,1304 E Main St,Unique store number,0,1
1295205,933,Rochelle,IL,311 E Il Route 38,Unique store number,0,1
303418,830,Rock Falls,IL,1901 1st Ave,Unique store number,0,1
305363,1461,ROCK SPRINGS,WY,201 Gateway Blvd,Unique store number,0,1
1974045,3090,Rocklin,CA,5609 Pacific St,Unique store number,0,1
466396,3587,Rocklin,CA,5454 Crossings Dr,Unique store number,0,1
749739,3837,ROSCOE,IL,4781 E Rockton Rd,Unique store number,0,1
305082,259,Rockwall,TX,782 E Interstate 30,Unique store number,0,1
466450,3530,Rockwall,TX,850 W Rusk St,Unique store number,0,1
304181,1197,Rocky Mount,NC,1511 Benvenue Rd,Unique store number,0,1
305207,2337,Rocky Mount,VA,550 Old Franklin Tpke,Unique store number,0,1
303563,2490,Mission,KS,5150 Roe Blvd,Unique store number,0,1
302748,1,Rogers,AR,2110 W Walnut St,Unique store number,0,1
305448,3479,Rogers,AR,1819 S 8th St,Unique store number,0,1
2311803,3654,Rogers,AR,808 W Walnut St,Unique store number,0,1
646602,5260,Rogers,AR,4208 Pleasant Crossing Blvd,Unique store number,0,1
859645,5837,Rogers,AR,5000 W Pauline Whitaker Pkwy,Unique store number,0,1
302895,1755,Rohnert Park,CA,4625 Redwood Dr,Unique store number,0,1
2188346,2468,Rohnert Park,CA,901 Golf Course Dr,Unique store number,0,1
304182,1288,Roxboro,NC,1049 Durham Rd Ste A,Unique store number,0,1
1331115,851,Ruidoso Downs,NM,26180 US Highway 70 E,Unique store number,0,1
305305,2668,Sturtevant,WI,3049 S Oakes Rd,Unique store number,0,1
303638,1165,Radcliff,KY,1165 Walmart Way,Unique store number,0,1
2333635,5135,Radcliff,KY,102 Gateway Crossing Blvd,Unique store number,0,1
305202,2762,Radford,VA,7373 Peppers Ferry Blvd,Unique store number,0,1
893489,5787,Raeford,NC,4545 Fayetteville Rd,Unique store number,0,1
302886,1922,Rancho Cucamonga,CA,12549 Foothill Blvd,Unique store number,0,1
1453628,5600,Rancho Santa Margarita,CA,30491 Avenida De Las Flores,Unique store number,0,1
1490965,3804,Randallstown,MD,8730 Liberty Rd,Unique store number,0,1
304178,2704,Randleman,NC,1021 High Point St,Unique store number,0,1
303415,1093,Rantoul,IL,845 Broadmeadow Rd,Unique store number,0,1
304766,1604,Rapid City,SD,1200 N Lacrosse St,Unique store number,0,1
1490968,3872,RAPID CITY,SD,100 Stumer Rd,Unique store number,0,1
304465,2506,Ravenna,OH,2600 State Route 59,Unique store number,0,1
2192756,4471,Rawlins,WY,2390 E Cedar St,Unique store number,0,1
21684,1109,Rayville,LA,1806 Julia St,Unique store number,0,1
304664,1777,READING,PA,5900 Perkiomen Ave,Unique store number,0,1
377789,3534,Red Wing,MN,295 Tyler Rd S,Unique store number,0,1
302888,2537,REDDING,CA,1515 Dana Dr,Unique store number,0,1
302889,1693,Redlands,CA,2050 W Redlands Blvd,Unique store number,0,1
303003,2419,Rehoboth Beach,DE,18922 Rehoboth Mall Blvd,Unique store number,0,1
670762,3304,Reidsville,NC,1624 Nc Highway 14,Unique store number,0,1
898259,2106,Reno,NV,2425 E 2nd St,Unique store number,0,1
304325,2189,Reno,NV,4855 Kietzke Ln,Unique store number,0,1
513538,3254,Reno,NV,5260 W 7th St,Unique store number,0,1
304326,3277,Reno,NV,155 Damonte Ranch Pkwy,Unique store number,0,1
303503,2020,Rensselaer,IN,905 S College Ave,Unique store number,0,1
305250,2516,Renton,WA,743 Rainier Ave S,Unique store number,0,1
304009,1009,Republic,MO,1150 Us Highway 60 E,Unique store number,0,1
3144713,1878,Rexburg,ID,1450 N 2nd E,Unique store number,0,1
305306,1931,Rhinelander,WI,2121 Lincoln St,Unique store number,0,1
302890,1862,Rialto,CA,1366 S Riverside Ave,Unique store number,0,1
2090543,3131,Rialto,CA,300 W Base Line Rd,Unique store number,0,1
305077,2974,Richardson,TX,1501 Buckingham Rd,Unique store number,0,1
513555,5168,Richfield,UT,10 E 1300 S,Unique store number,0,1
304088,2939,Richland,MS,200 Marketplace Dr,Unique store number,0,1
305251,3261,Richland,WA,2801 Duportail St,Unique store number,0,1
2220313,6578,North Richland Hills,TX,6604 Boulevard 26,Unique store number,0,1
2220372,7009,Richlands,NC,349 Kinston Hwy,Unique store number,0,1
303504,1745,Richmond,IN,3601 E Main St,Unique store number,0,1
305204,2295,Richmond,VA,7901 Brook Rd,Unique store number,0,1
305203,2821,Richmond,VA,2410 Sheila Ln,Unique store number,0,1
1279339,325,Richmond,MO,908 Walton Way,Unique store number,0,1
761093,3455,San Pablo,CA,1400 Hilltop Mall Rd,Unique store number,0,1
826930,3827,Richmond,TX,5660 W Grand Pkwy S,Unique store number,0,1
746331,3869,Henrico,VA,1504 N Parham Rd,Unique store number,0,1
2786740,4111,Richmond,TX,26824 Hwy 1093,Unique store number,0,1
2120193,4191,Richmond,VA,6920 Forest Ave,Unique store number,0,1
305078,546,Richmond,TX,5330 Fm 1640 Rd,Unique store number,0,1
528374,719,Richmond,KY,820 Eastern Byp,Unique store number,0,1
3186090,1600,Ridgecrest,CA,201 E Bowman Rd,Unique store number,0,1
304089,875,Ridgeland,MS,815 S Wheatley St,Unique store number,0,1
499073,5232,Rifle,CO,1000 Airport Rd,Unique store number,0,1
303223,1011,Rincon,GA,434 S Columbia Ave,Unique store number,0,1
304255,2057,Rindge,NH,750 Us Route 202,Unique store number,0,1
762873,3337,RIO GRANDE,NJ,3159 Route 9 S,Unique store number,0,1
305348,1450,Ripley,WV,200 Academy Dr,Unique store number,0,1
304090,176,Ripley,MS,822 City Ave S,Unique store number,0,1
304846,97,Ripley,TN,628 Highway 51 N,Unique store number,0,1
304382,2906,Riverhead,NY,1890 Old Country Rd,Unique store number,0,1
302892,1899,Riverside,CA,6250 Valley Springs Pkwy,Unique store number,0,1
302893,2028,Riverside,CA,5200 Van Buren Blvd,Unique store number,0,1
1339461,5622,Riverview,FL,10863 Bloomingdale Ave,Unique store number,0,1
2219705,6968,Riverview,FL,10327 Big Bend Rd,Unique store number,0,1
910937,1301,Roanoke,VA,5350 Clearbrook Village Ln,Unique store number,0,1
305206,2312,Roanoke,VA,4807 Valley View Blvd NW,Unique store number,0,1
330580,3243,Roanoke,VA,4524 Challenger Ave,Unique store number,0,1
2208412,3614,Roanoke,VA,2141 Dale Ave SE,Unique store number,0,1
2208414,3622,Roanoke,VA,4950 Plantation Rd,Unique store number,0,1
642831,5247,Roanoke,TX,1228 N Highway 377,Unique store number,0,1
302668,863,Roanoke,AL,4180 Us Hwy 431,Unique store number,0,1
304179,1502,Roanoke Rapids,NC,251 Premier Blvd,Unique store number,0,1
2151138,6173,Robertsdale,AL,21141 State Highway 59,Unique store number,0,1
304360,1619,Rochester,NY,1200 Marketplace Dr,Unique store number,0,1
303505,1639,Rochester,IN,2395 Main St,Unique store number,0,1
303920,1971,Rochester,MN,3400 55th St NW,Unique store number,0,1
304256,2330,Rochester,NH,116 Farmington Rd,Unique store number,0,1
303921,2812,Rochester,MN,25 25th St SE,Unique store number,0,1
304351,2859,Rochester,NY,2150 Chili Ave,Unique store number,0,1
772545,2354,Rochester,MI,2500 S Adams Rd,Unique store number,0,1
864835,4593,Rock Hill,SC,4875 Old York Rd,Unique store number,0,1
304748,585,Rock Hill,SC,2377 Dave Lyle Blvd,Unique store number,0,1
2219704,6962,Rock Hill,SC,1225 Cherry Rd,Unique store number,0,1
652030,5178,Rockaway,NJ,220 Enterprise Dr,Unique store number,0,1
305080,280,ROCKDALE,TX,709 W US Highway 79,Unique store number,0,1
303419,1490,Rockford,IL,7219 Walton St,Unique store number,0,1
303420,1955,Rockford,IL,3849 Northridge Dr,Unique store number,0,1
645182,5398,Rockford,IL,3902 W Riverside Blvd,Unique store number,0,1
304180,1010,Rockingham,NC,720 E Us Highway 74,Unique store number,0,1
2360416,7177,Harrisonburg,VA,1942 Port Republic Rd,Unique store number,0,1
763266,4409,Rockmart,GA,1801 Nathan Dean Byp,Unique store number,0,1
305081,440,Rockport,TX,2401 Highway 35 N,Unique store number,0,1
304847,676,Rockwood,TN,1102 N Gateway Ave,Unique store number,0,1
302992,2900,Rocky Hill,CT,80 Town Line Rd,Unique store number,0,1
304848,3234,Rogersville,TN,4331 Highway 66 S,Unique store number,0,1
304011,101,Rolla,MO,500 S Bishop Ave,Unique store number,0,1
303421,2815,Rolling Meadows,IL,1460 Golf Rd,Unique store number,0,1
304383,2234,Rome,NY,5815 Rome Taberg Rd,Unique store number,0,1
303225,658,Rome,GA,2510 Redmond Cir NW,Unique store number,0,1
528097,5151,Rome,GA,825 Cartersville Hwy SE,Unique store number,0,1
772550,4531,Romeoville,IL,420 Weber Rd,Unique store number,0,1
304589,2477,Roseburg,OR,2125 NW Stewart Pkwy,Unique store number,0,1
312433,3489,Rosedale,MD,6420 Petrie Way,Unique store number,0,1
706602,5154,Rosemead,CA,1827 Walnut Grove Ave,Unique store number,0,1
302894,1988,Roseville,CA,900 Pleasant Grove Blvd,Unique store number,0,1
303871,2959,Roseville,MI,28804 Gratiot Ave,Unique store number,0,1
642836,3404,Saint Paul,MN,1960 Twin Lakes Pkwy,Unique store number,0,1
528188,4202,Roseville,CA,1400 Lead Hill Blvd,Unique store number,0,1
303226,1578,Roswell,GA,970 Mansell Rd,Unique store number,0,1
304306,611,Roswell,NM,4500 N Main St Ste A,Unique store number,0,1
303422,1228,Round Lake,IL,2680 N Il Route 83,Unique store number,0,1
305083,475,Round Rock,TX,2701 S Interstate 35,Unique store number,0,1
642835,5480,Round Rock,TX,4700 E Palm Valley Blvd,Unique store number,0,1
305084,3225,Rowlett,TX,2501 Lakeview Pkwy,Unique store number,0,1
2219716,7240,Rowlett,TX,8800 Lakeview Pkwy,Unique store number,0,1
2311839,5987,Royse City,TX,494 W Interstate 30,Unique store number,0,1
893843,4638,Ruckersville,VA,135 Stoneridge Dr N,Unique store number,0,1
302669,403,Russellville,AL,13675 Highway 43,Unique store number,0,1
2303765,4128,Russellville,AR,2109 W Main St,Unique store number,0,1
302749,58,Russellville,AR,2409 E Main St,Unique store number,0,1
303640,736,Russellville,KY,120 Sam Walton Dr,Unique store number,0,1
303713,23,Ruston,LA,1201 N Service Rd E,Unique store number,0,1
2333620,4577,Ruston,LA,321 W California Ave,Unique store number,0,1
305227,2530,Rutland,VT,90 Shopping Plaza Rd,Unique store number,0,1
2151129,5673,Sachse,TX,8015 Woodbridge Pkwy,Unique store number,0,1
2220294,6851,Sachse,TX,6750 Murphy Rd,Unique store number,0,1
703475,5192,Sacramento,CA,5821 Antelope Rd,Unique store number,0,1
304666,2535,Saint Clair,PA,500 Terry Rich Blvd,Unique store number,0,1
305152,3220,St George,UT,2610 Pioneer Rd,Unique store number,0,1
303960,1265,Saint Louis,MO,10741 W Florissant Ave,Unique store number,0,1
304020,2213,Saint Louis,MO,3270 Telegraph Rd,Unique store number,0,1
302968,921,Salida,CO,7865 W Us Highway 50,Unique store number,0,1
684692,5245,San Antonio,TX,3302 SE Military Dr,Unique store number,0,1
2104743,2769,San Antonio,TX,5626 Walzem Rd,Unique store number,0,1
2220309,5224,San Antonio,TX,4226 De Zavala Rd,Unique store number,0,1
2208401,4174,San Jose,CA,1450 Monterey Rd,Unique store number,0,1
302904,2648,San Leandro,CA,1919 Davis St,Unique store number,0,1
832769,5434,San Leandro,CA,15555 Hesperian Blvd,Unique store number,0,1
304550,838,Sand Springs,OK,220 S State Highway 97,Unique store number,0,1
751511,5235,Sandy,UT,9151 S Quarry Blvd,Unique store number,0,1
2103608,3123,SANTA CLARA,CA,3255 Mission College Blvd,Unique store number,0,1
330578,2948,Santa Fe Springs,CA,13310 Telegraph Rd,Unique store number,0,1
832980,3693,SANTA ISABEL,,,Unmatched,,0
302670,1212,Saraland,AL,1095 Industrial Pkwy,Unique store number,0,1
2188344,2392,Sarasota,FL,3560 Bee Ridge Rd,Unique store number,0,1
305309,1650,Saukville,WI,825 E Green Bay Ave,Unique store number,0,1
861013,1936,Sault Sainte Marie,MI,3763 I 75 Business Spur,Unique store number,0,1
303508,1142,Scottsburg,IN,1618 W Mcclain Ave,Unique store number,0,1
528100,5288,Seagoville,TX,220 N Highway 175,Unique store number,0,1
302908,1882,Selma,CA,3400 Floral Ave,Unique store number,0,1
302672,700,Selma,AL,1501 Al Highway 14 E,Unique store number,0,1
303301,1683,Shenandoah,IA,705 S Fremont St,Unique store number,0,1
2219511,4118,Shepherdsville,KY,545 Conestoga Pkwy,Unique store number,0,1
2333668,3521,Sherman,TX,2210 Fm 1417 N,Unique store number,0,1
897378,947,Sherman,TX,401 E Us Highway 82,Unique store number,0,1
466449,2743,Sherwood,AR,8801 Highway 107,Unique store number,0,1
2151118,4176,Sherwood,OR,21320 SW Langer Farms Pkwy,Unique store number,0,1
302740,7,Sherwood,AR,9053 Highway 107,Unique store number,0,1
305102,383,Silsbee,TX,1100 US Highway 96 N,Unique store number,0,1
787651,4511,Silvis,IL,1601 18th St,Unique store number,0,1
302909,2621,Simi Valley,CA,255 Cochran St,Unique store number,0,1
2103610,3147,Simi Valley,CA,2204 Tapo St,Unique store number,0,1
303821,2143,Skowhegan,ME,60 Fairgrounds Mkt Pl,Unique store number,0,1
303718,2665,Slidell,LA,167 Northshore Blvd,Unique store number,0,1
303717,553,Slidell,LA,39142 Natchez Dr,Unique store number,0,1
2219698,6577,Slidell,LA,637 Robert Blvd,Unique store number,0,1
2220314,6588,Slidell,LA,3130 Pontchartrain Dr,Unique store number,0,1
746340,4249,Smelterville,ID,583 Commerce Dr,Unique store number,0,1
746346,4414,Smithville,TN,515 W Broad St,Unique store number,0,1
867187,1749,Somersworth,NH,59 Waltons Way,Unique store number,0,1
505481,5206,OGDEN,UT,1710 E Skyline Dr,Unique store number,0,1
304092,848,Southaven,MS,6811 Southcrest Pkwy,Unique store number,0,1
304189,2772,Southport,NC,1675 N Howe St,Unique store number,0,1
680068,3729,Sparks,NV,5065 Pyramid Way,Unique store number,0,1
303425,222,Sparta,IL,1410 N Market St,Unique store number,0,1
304855,587,Sparta,TN,202 Sam Walton Dr,Unique store number,0,1
305312,979,Sparta,WI,1600 W Wisconsin St,Unique store number,0,1
304768,1543,Spearfish,SD,2825 1st Ave,Unique store number,0,1
2353239,3585,Spring,TX,2901 Riley Fuzzell Rd,Unique store number,0,1
528099,5287,Spring,TX,21150 Kuykendahl Rd,Unique store number,0,1
2333643,5353,Spring,TX,24809 Aldine Westfield Rd,Unique store number,0,1
305117,602,Spring,TX,1025 Sawdust Rd,Unique store number,0,1
305105,849,Spring,TX,155 Louetta Xing,Unique store number,0,1
2303802,3056,Spring Branch,TX,305 Singing Oaks,Unique store number,0,1
304385,2164,Springville,NY,317 S Cascade Dr,Unique store number,0,1
305150,3208,Springville,UT,660 S 1750 W,Unique store number,0,1
680064,3386,Springville,AL,160 Springville Station Blvd,Unique store number,0,1
304192,2749,SPRUCE PINE,NC,2514 Halltown Rd,Unique store number,0,1
305151,1439,Washington,UT,625 W Telegraph St,Unique store number,0,1
2303750,7329,Saint Pauls,NC,120 S Odom Rd,Unique store number,0,1
2303786,1257,Stamford,TX,2614 N Swenson St,Unique store number,0,1
1995891,4134,STANTON,CA,12840 Beach Blvd,Unique store number,0,1
303132,1283,Starke,FL,14500 Us Highway 301 S,Unique store number,0,1
304556,276,Stigler,OK,1312 E Main St,Unique store number,0,1
304557,137,Stillwater,OK,111 N Perkins Rd,Unique store number,0,1
746337,4241,Stillwater,OK,4545 W 6th Ave,Unique store number,0,1
2434567,5364,Stillwater,OK,2315 N Perkins Rd,Unique store number,0,1
304558,81,Stilwell,OK,84127 Highway 59,Unique store number,0,1
303234,745,Stockbridge,GA,5600 N Henry Blvd,Unique store number,0,1
707505,3402,Stockbridge,GA,1400 Hudson Bridge Rd,Unique store number,0,1
303306,1526,Storm Lake,IA,1831 Lake Ave,Unique store number,0,1
304473,2323,Stow,OH,3520 Hudson Dr,Unique store number,0,1
1101295,4699,Streator,IL,2415 N Bloomington St,Unique store number,0,1
303133,1087,Stuart,FL,4001 SE Federal Hwy,Unique store number,0,1
684751,3770,Stuart,VA,19265 Jeb Stuart Hwy,Unique store number,0,1
305110,417,Sulphur Springs,TX,1750 S Broadway St,Unique store number,0,1
2608047,377,Sumter,SC,343 Pinewood Rd,Unique store number,0,1
304755,511,Sumter,SC,1283 Broad St,Unique store number,0,1
2311835,5383,Sumter,SC,615 Bultman Dr,Unique store number,0,1
303761,2953,Swansea,MA,54 Cousineau Dr,Unique store number,0,1
303780,2436,Sykesville,MD,6400A Ridge Rd Ste 1,Unique store number,0,1
2143560,7245,Sylvester,GA,1102 E Franklin St,Unique store number,0,1
746329,3848,Syracuse,UT,2228 W 1700 S,Unique store number,0,1
2573119,2464,Sacramento,CA,8270 Delta Shores Cir S,Unique store number,0,1
302897,2598,Sacramento,CA,3661 Truxel Rd,Unique store number,0,1
1049377,2735,Sacramento,CA,6051 Florin Rd,Unique store number,0,1
2311796,3081,Sacramento,CA,8915 Gerber Rd,Unique store number,0,1
1490996,5982,Sacramento,CA,2700 Marconi Ave,Unique store number,0,1
312119,3562,Saddle Brook,NJ,189 Us Highway 46,Unique store number,0,1
302799,1149,Safford,AZ,755 S 20th Ave,Unique store number,0,1
303872,2644,Saginaw,MI,5825 Brockway Rd,Unique store number,0,1
473237,5097,Saginaw,MI,5650 Bay Rd,Unique store number,0,1
595464,5316,Fort Worth,TX,1401 N Saginaw Blvd,Unique store number,0,1
303131,579,Saint Augustine,FL,2355 Us Highway 1 S,Unique store number,0,1
304022,1161,Saint Charles,MO,2897 Veterans Memorial Pkwy,Unique store number,0,1
304472,2199,Saint Clairsville,OH,50739 Valley Plaza Dr,Unique store number,0,1
303122,1086,Saint Cloud,FL,4400 13th St,Unique store number,0,1
906713,1633,Saint Cloud,MN,21 County Road 120,Unique store number,0,1
1490964,3088,Saint Cloud,MN,3601 2nd St S,Unique store number,0,1
2356060,5265,Saint Cloud,FL,2125 Nolte Rd,Unique store number,0,1
303875,1423,Saint Johns,MI,1165 Superior Dr,Unique store number,0,1
304024,2994,Saint Joseph,MO,3022 S Belt Hwy,Unique store number,0,1
304023,560,Saint Joseph,MO,4201 N Belt Hwy,Unique store number,0,1
304025,648,Saint Charles,MO,1661 Jungermann Rd,Unique store number,0,1
303130,1536,Saint Petersburg,FL,10237 Bay Pines Blvd,Unique store number,0,1
1000238,4690,Saint Petersburg,FL,201 34th St N,Unique store number,0,1
304026,21,Saint Robert,MO,185 Saint Robert Blvd,Unique store number,0,1
305208,1309,Salem,VA,1851 W Main St,Unique store number,0,1
304590,1784,Salem,OR,3025 Lancaster Dr NE,Unique store number,0,1
304591,1920,Salem,OR,5250 Commercial St SE,Unique store number,0,1
303423,198,Salem,IL,1870 W Main St,Unique store number,0,1
897381,2142,Salem,NH,326 N Broadway,Unique store number,0,1
303757,2640,Salem,MA,450 Highland Ave,Unique store number,0,1
304012,27,Salem,MO,1101 W Highway 32,Unique store number,0,1
377782,2910,Salem,OH,2875 E State St,Unique store number,0,1
2403295,7087,Salem,IN,1309 E Hackberry St,Unique store number,0,1
646595,5368,Salem,OR,1940 Turner Rd SE,Unique store number,0,1
303564,558,Salina,KS,2900 S 9th St,Unique store number,0,1
302898,2458,salinas,CA,1800 N Main St,Unique store number,0,1
445889,5751,salinas,CA,1375 N Davis Rd,Unique store number,0,1
864939,5472,Saline,MI,7000 E Michigan Ave,Unique store number,0,1
304183,1552,Salisbury,NC,323 S Arlington St,Unique store number,0,1
303799,1890,Salisbury,MD,2702 N Salisbury Blvd,Unique store number,0,1
304551,47,Sallisaw,OK,1101 W Ruth Ave,Unique store number,0,1
553971,3589,Salt Lake City,UT,350 W Hope Ave,Unique store number,0,1
1797932,4208,Salt Lake City,UT,2705 E Parleys Way,Unique store number,0,1
544533,5350,Salt Lake City,UT,4627 S 900 E,Unique store number,0,1
305086,1249,San Angelo,TX,610 W 29th St,Unique store number,0,1
305085,601,San Angelo,TX,5501 Sherwood Way,Unique store number,0,1
2311842,7220,San Angelo,TX,1852 Sherwood Way,Unique store number,0,1
2353244,7281,San Angelo,TX,3440 S Bryant Blvd,Unique store number,0,1
2360428,7311,San Angelo,TX,5154 Knickerbocker Rd,Unique store number,0,1
897365,1198,San Antonio,TX,1515 N Loop 1604 E,Unique store number,0,1
305092,1235,San Antonio,TX,5025 NW Loop 410,Unique store number,0,1
305094,1313,San Antonio,TX,1200 SE Military Dr,Unique store number,0,1
305090,1347,San Antonio,TX,1430 Austin Hwy,Unique store number,0,1
2083124,1803,San Antonio,TX,4331 Thousand Oaks Dr,Unique store number,0,1
305089,2404,San Antonio,TX,8500 Jones Maltsberger Rd,Unique store number,0,1
305093,2599,San Antonio,TX,5555 De Zavala Rd,Unique store number,0,1
2220305,2835,San Antonio,TX,9006 Guilbeau Rd,Unique store number,0,1
305088,2864,San Antonio,TX,6703 W Loop 1604 N,Unique store number,0,1
2258601,3058,San Antonio,TX,918 Bandera Rd,Unique store number,0,1
2108585,3106,San Antonio,TX,8538 Interstate Highway 35 S,Unique store number,0,1
2345842,3107,San Antonio,TX,24403 W Interstate 10,Unique store number,0,1
1907803,3112,San Antonio,TX,4096 N Foster Rd,Unique store number,0,1
330581,3279,San Antonio,TX,2100 SE Loop 410,Unique store number,0,1
762807,3888,San Antonio,TX,11210 Potranco Rd,Unique store number,0,1
2046237,4131,San Antonio,TX,9427 Culebra Rd,Unique store number,0,1
2151115,4162,San Antonio,TX,12639 Blanco Rd,Unique store number,0,1
832031,5145,San Antonio,TX,1603 Vance Jackson Rd,Unique store number,0,1
513551,5146,San Antonio,TX,8030 Bandera Rd,Unique store number,0,1
2151127,5226,San Antonio,TX,9526 W Military Dr,Unique store number,0,1
2103620,5290,San Antonio,TX,1515 S Ellison Dr,Unique store number,0,1
2345899,5490,San Antonio,TX,9005 Fm 1560 N,Unique store number,0,1
305087,765,San Antonio,TX,16503 Nacogdoches Rd,Unique store number,0,1
2083146,999,San Antonio,TX,7239 SW Loop 410,Unique store number,0,1
305095,2239,San Antonio,TX,8923 W Military Dr,Unique store number,0,1
305096,1296,San Benito,TX,1126 W US Highway 77,Unique store number,0,1
466394,3276,San Bernardino,CA,4001 Hallmark Pkwy,Unique store number,0,1
302899,2527,San Clemente,CA,951 Avenida Pico,Unique store number,0,1
302900,2150,San Diego,CA,710 Dennery Rd,Unique store number,0,1
302902,2177,San Diego,CA,3382 Murphy Canyon Rd,Unique store number,0,1
302901,2479,San Diego,CA,3412 College Ave,Unique store number,0,1
533868,5338,San Diego,CA,4840 Shawline St,Unique store number,0,1
1490967,5938,San Diego,CA,575 Saturn Blvd,Unique store number,0,1
761018,5425,San Jacinto,CA,1861 S San Jacinto Ave,Unique store number,0,1
2151092,2486,San Jose,CA,4080 Stevens Creek Blvd,Unique store number,0,1
1824044,3023,San Jose,CA,4055 Evergreen Village Sq,Unique store number,0,1
554001,5435,San Jose,CA,777 Story Rd,Unique store number,0,1
1339469,5884,San Jose,CA,5095 Almaden Expy,Unique store number,0,1
1824961,5803,San Juan,,,Unmatched,,0
787681,4337,San Luis,AZ,1613 N Main St,Unique store number,0,1
513567,3494,San Marcos,CA,732 Center Dr,Unique store number,0,1
305097,404,SAN MARCOS,TX,1015 Highway 80,Unique store number,0,1
1490990,5610,SAN RAMON,CA,9100 Alcosta Blvd,Unique store number,0,1
683227,3751,San Tan Valley,AZ,1725 W Hunt Hwy,Unique store number,0,1
303227,1143,Sandersville,GA,1308 S Harris St,Unique store number,0,1
304467,1628,Sandusky,OH,5500 Milan Rd Ste 200,Unique store number,0,1
664101,3632,Sandusky,MI,655 W Sanilac Rd,Unique store number,0,1
304184,1774,Sanford,NC,3310 NC Hwy 87 S,Unique store number,0,1
861014,1954,Sanford,ME,1930 Main St,Unique store number,0,1
513537,3207,Sanford,FL,1601 Rinehart Rd,Unique store number,0,1
303123,857,Sanford,FL,3653 S Orlando Dr,Unique store number,0,1
762808,4238,Sanger,CA,2761 Jensen Ave,Unique store number,0,1
302905,2517,Santa Ana,CA,3600 W Mcfadden Ave,Unique store number,0,1
680080,3523,Santa Clarita,CA,26471 Carl Boyer Dr,Unique store number,0,1
615589,5162,Valencia,CA,27931 Kelly Johnson Pkwy,Unique store number,0,1
1101286,3423,Santa Fe,NM,5701 Herrera Dr,Unique store number,0,1
304308,829,Santa Fe,NM,3251 Cerrillos Rd,Unique store number,0,1
302906,2507,Santa Maria,CA,2220 S Bradley Rd,Unique store number,0,1
1797423,5658,Santa Maria,CA,2240 S Bradley Rd,Unique store number,0,1
1936458,5659,Santa Maria,CA,500 S Blosser Rd,Unique store number,0,1
959177,5872,Santa Rosa Beach,FL,6712 US Highway 98 W,Unique store number,0,1
4280892,8861,Santa Rosa Beach,FL,6861 US Hwy 98 E,Unique store number,0,1
302907,1917,Santee,CA,170 Town Center Pkwy,Unique store number,0,1
304552,73,Sapulpa,OK,1002 W Taft St,Unique store number,0,1
303124,1171,Sarasota,FL,8320 Lockwood Ridge Rd,Unique store number,0,1
303125,2459,Sarasota,FL,4381 Cattlemen Rd,Unique store number,0,1
1490982,3066,Sarasota,FL,3500 N Tamiami Trl,Unique store number,0,1
2438925,7298,Sarasota,FL,5401 Palmer Crossing Cir,Unique store number,0,1
304397,2056,Saratoga Springs,NY,16 Old Gick Rd,Unique store number,0,1
853649,4438,Saratoga Springs,UT,136 W State Road 73,Unique store number,0,1
2188343,3114,SAUGUS,MA,770 Broadway,Unique store number,0,1
751954,4253,SAUK CENTRE,MN,205 12th St S,Unique store number,0,1
304849,268,Savannah,TN,175 Ji Bell Ln,Unique store number,0,1
2333619,4530,Savannah,GA,10530 Abercorn St,Unique store number,0,1
907574,4556,Savannah,GA,14030 Abercorn St,Unique store number,0,1
303228,605,Savannah,GA,1955 E Montgomery Xrd,Unique store number,0,1
303229,606,Savannah,GA,4725 Us Highway 80 E,Unique store number,0,1
303230,635,Savannah,GA,6000 Ogeechee Rd,Unique store number,0,1
303424,3255,Savoy,IL,505 S Dunlap Ave,Unique store number,0,1
304667,2208,Sayre,PA,1887 Elmira St,Unique store number,0,1
853651,1788,Scarborough,ME,500 Gallery Blvd,Unique store number,0,1
304384,2264,Schenectady,NY,1320 Altamont Ave,Unique store number,0,1
303507,1576,SCHERERVILLE,IN,1555 US Highway 41,Unique store number,0,1
642830,3391,Schertz,TX,6102 Fm 3009,Unique store number,0,1
304234,867,Scottsbluff,NE,3322 Avenue I,Unique store number,0,1
302671,712,Scottsboro,AL,24833 John T Reid Pkwy,Unique store number,0,1
302793,2112,Scottsdale,AZ,4915 N Pima Rd,Unique store number,0,1
302794,2766,Scottsdale,AZ,15355 N Northsight Blvd,Unique store number,0,1
304258,1762,Seabrook,NH,700 Lafayette Rd Unit 1,Unique store number,0,1
2108572,2460,Seaford,DE,22899 Sussex Hwy,Unique store number,0,1
2108601,437,Sealy,TX,310 Overcreek Way,Unique store number,0,1
302750,157,Searcy,AR,3509 E Race Ave,Unique store number,0,1
1824976,2431,Searcy,AR,1330 W Beebe Capps Expy,Unique store number,0,1
303126,1068,Sebastian,FL,2001 Us Highway 1,Unique store number,0,1
303127,666,Sebring,FL,3525 Us Highway 27 N,Unique store number,0,1
595451,3520,Secaucus,NJ,400 Park Pl,Unique store number,0,1
304013,219,Sedalia,MO,3201 W Broadway Blvd,Unique store number,0,1
303758,2184,Seekonk,MA,1180 Fall River Ave,Unique store number,0,1
303128,925,Seffner,FL,11720 E Dr Martin Luther King Jr,Unique store number,0,1
305099,901,Seguin,TX,550 S Highway 123 Byp,Unique store number,0,1
304668,2185,Selinsgrove,PA,980 N Susquehanna Trl,Unique store number,0,1
304850,218,Selmer,TN,1017 Mulberry Ave,Unique store number,0,1
304553,123,Seminole,OK,1500 E Wrangler Blvd,Unique store number,0,1
305100,626,Seminole,TX,2000 Hobbs Hwy,Unique store number,0,1
513558,5174,Semmes,AL,7855 Moffett Rd,Unique store number,0,1
304091,155,Senatobia,MS,5219 Highway 51 N,Unique store number,0,1
304749,1123,Seneca,SC,1636 Sandifer Blvd,Unique store number,0,1
896846,5273,Sequim,WA,1110 W Washington St,Unique store number,0,1
787660,1875,Severn,MD,407 George Clauss Blvd,Unique store number,0,1
304851,578,Sevierville,TN,1414 Parkway,Unique store number,0,1
2338050,5908,Sevierville,TN,1185 Dolly Parton Pkwy,Unique store number,0,1
304235,885,Seward,NE,1326 280th,Unique store number,0,1
303509,1033,Seymour,IN,1600 E Tipton St,Unique store number,0,1
377787,3513,Shakopee,MN,8101 Old Carriage Ct,Unique store number,0,1
304185,1767,Shallotte,NC,4540 Main St,Unique store number,0,1
305310,2271,Shawano,WI,1244 E Green Bay St,Unique store number,0,1
304554,103,Shawnee,OK,196 Shawnee Mall Dr,Unique store number,0,1
303565,2855,Shawnee,KS,16100 W 65th St,Unique store number,0,1
2046240,4611,Shawnee,KS,5701 Silverheel St,Unique store number,0,1
537496,5308,Shawnee,KS,11010 W 74th Ter,Unique store number,0,1
305311,1276,Sheboygan,WI,3711 S Taylor Dr,Unique store number,0,1
787670,3324,Sheboygan,WI,4433 Vanguard Dr,Unique store number,0,1
304186,1034,Shelby,NC,705 E Dixon Blvd,Unique store number,0,1
338832,3487,Utica,MI,51450 Shelby Pkwy,Unique store number,0,1
746341,4259,Shelbyville,IL,2607 W Main St,Unique store number,0,1
303641,497,Shelbyville,KY,500 Taylorsville Rd,Unique store number,0,1
304852,656,Shelbyville,TN,1880 N Main St,Unique store number,0,1
1331109,884,Shelbyville,IN,2500 Progress Pkwy,Unique store number,0,1
305252,2121,Shelton,WA,100 E Wallace Kneeland Blvd,Unique store number,0,1
302993,2163,Shelton,CT,465 Bridgeport Ave,Unique store number,0,1
305364,1508,Sheridan,WY,1695 Coffeen Ave,Unique store number,0,1
302751,336,Sheridan,AR,1308 S Rock St,Unique store number,0,1
595467,5358,Shippensburg,PA,100 S Conestoga Dr,Unique store number,0,1
302795,1230,Show Low,AZ,5401 S White Mountain Rd,Unique store number,0,1
303714,278,Shreveport,LA,1645 E Bert Kouns Indust Loop,Unique store number,0,1
2333669,3746,Shreveport,LA,412 Bert Kouns Industrial Loop,Unique store number,0,1
764549,3868,Shreveport,LA,1125 Shreveport Barksdale Hwy,Unique store number,0,1
303715,448,Shreveport,LA,6235 Westport Ave,Unique store number,0,1
303716,450,Shreveport,LA,9550 Mansfield Rd,Unique store number,0,1
2333433,6932,Shreveport,LA,4701 Northport Blvd,Unique store number,0,1
304670,2519,Shrewsbury,PA,698 Shrewsbury Commons Ave,Unique store number,0,1
2303803,3061,Saint Louis,MO,7437 Watson Rd,Unique store number,0,1
304468,1331,Sidney,OH,2400 Michigan St,Unique store number,0,1
513556,5170,Sidney,NE,3001 Silverberg Dr,Unique store number,0,1
907560,1240,Sierra Vista,AZ,500 N Highway 90 Byp,Unique store number,0,1
304014,9,Sikeston,MO,1303 S Main St,Unique store number,0,1
304187,2845,Siler City,NC,14215 US Highway 64 W,Unique store number,0,1
302754,4,Siloam Springs,AR,2901 Highway 412 E,Unique store number,0,1
2151146,6960,Siloam Springs,AR,935 S Holly St,Unique store number,0,1
304309,1357,Silver City,NM,2501 Highway 180 E,Unique store number,0,1
304750,2265,Simpsonville,SC,3950 Grandview Dr,Unique store number,0,1
2220302,3628,Simpsonville,SC,115 Highway 14,Unique store number,0,1
2333644,5371,Simpsonville,SC,1401 W Georgia Rd,Unique store number,0,1
303302,1152,Sioux Center,IA,255 16th St SW,Unique store number,0,1
303303,1361,Sioux City,IA,3400 Singing Hills Blvd,Unique store number,0,1
460173,3590,Sioux City,IA,3101 Floyd Blvd,Unique store number,0,1
304767,1535,Sioux Falls,SD,3209 S Louise Ave,Unique store number,0,1
2353238,2443,Sioux Falls,SD,7821 S Minnesota Ave,Unique store number,0,1
338806,3237,Sioux Falls,SD,5521 E Arrowhead Pkwy,Unique store number,0,1
2151126,4865,Sioux Falls,SD,5200 W 60th St N,Unique store number,0,1
304555,246,Skiatook,OK,700 W Rogers Blvd,Unique store number,0,1
2151088,1998,Skokie,IL,3626 Touhy Ave,Unique store number,0,1
304188,1321,Smithfield,NC,1299 N Brightleaf Blvd,Unique store number,0,1
304853,406,Smyrna,TN,570 Enon Springs Rd E,Unique store number,0,1
303231,1720,Snellville,GA,1550 Scenic Hwy N,Unique store number,0,1
1490984,3072,Snellville,GA,2912 Main St W,Unique store number,0,1
680065,3389,Snellville,GA,3435 Centerville Hwy,Unique store number,0,1
2059467,1272,Snyder,TX,5110 College Ave,Unique store number,0,1
615610,5492,Socorro,NM,700 6th St N,Unique store number,0,1
1339467,5960,El Paso,TX,10301 Alameda Ave,Unique store number,0,1
304854,477,Soddy Daisy,TN,9334 Dayton Pike,Unique store number,0,1
935477,4456,Somerdale,NJ,1 Coopertowne Blvd,Unique store number,0,1
304671,1765,Somerset,PA,2028 N Center Ave,Unique store number,0,1
897376,689,Somerset,KY,177 Washington Dr,Unique store number,0,1
302910,2030,Sonora,CA,1101 Sanguinetti Rd,Unique store number,0,1
746311,3436,South Bend,IN,700 W Ireland Rd,Unique store number,0,1
305209,1345,South Boston,VA,3471 Old Halifax Rd,Unique store number,0,1
305349,2036,South Charleston,WV,2700 Mountaineer Blvd,Unique store number,0,1
2073124,2362,Cleveland,OH,1868 Warrensville Center Rd,Unique store number,0,1
2131708,3180,South Gate,CA,4651 Firestone Blvd,Unique store number,0,1
303874,1540,South Haven,MI,201 73rd St,Unique store number,0,1
305210,1934,South Hill,VA,315 Furr St,Unique store number,0,1
305149,2307,South Jordan,UT,11328 S Jordan Gtwy,Unique store number,0,1
1824969,5763,South Jordan,UT,3590 W South Jordan Pkwy,Unique store number,0,1
1831095,5667,South Milwaukee,WI,222 N Chicago Ave,Unique store number,0,1
304469,1478,South Point,OH,354 Private Drive 288 Ste 1,Unique store number,0,1
304236,1332,South Sioux City,NE,1601 Cornhusker Dr,Unique store number,0,1
303643,2548,South Williamson,KY,28402 US Highway 119,Unique store number,0,1
1028199,5842,Southgate,MI,14900 Dix Toledo Rd,Unique store number,0,1
302994,2897,Southington,CT,235 Queen St,Unique store number,0,1
305253,3218,Spanaway,WA,20307 Mountain Hwy E,Unique store number,0,1
2608044,3988,Spanish Fork,UT,898 S 2550 E,Unique store number,0,1
2219510,4068,Spanish Fork,UT,1206 N Canyon Creek Pkwy,Unique store number,0,1
304751,1035,Spartanburg,SC,141 Dorman Centre Dr,Unique store number,0,1
304752,1281,Spartanburg,SC,2151 E Main St,Unique store number,0,1
2293438,3338,Spartanburg,SC,203 Cedar Springs Rd,Unique store number,0,1
303304,2714,Spencer,IA,500 11th St SW,Unique store number,0,1
305350,2810,Spencer,WV,97 Williams Dr,Unique store number,0,1
303512,996,Spencer,IN,823 W State Highway 46,Unique store number,0,1
303305,1415,Spirit Lake,IA,2200 17th St,Unique store number,0,1
305255,2549,Spokane,WA,9212 N Colton St,Unique store number,0,1
305254,2865,Spokane,WA,2301 W Wellesley Ave,Unique store number,0,1
770084,4394,Spokane,WA,1221 S Hayford Rd,Unique store number,0,1
1490974,5883,Spokane,WA,5025 E Sprague Ave,Unique store number,0,1
2004334,3017,Spring Hill,TN,4959 Main St,Unique store number,0,1
2333657,6207,Spring Hill,FL,14344 Spring Hill Dr,Unique store number,0,1
303129,967,Spring Hill,FL,1485 Commercial Way,Unique store number,0,1
304191,1312,Spring Lake,NC,670 Lillington Hwy,Unique store number,0,1
305450,2742,Springdale,AR,1375 Market Square Dr,Unique store number,0,1
2151109,4108,Springdale,AR,4870 Elm Springs Rd,Unique store number,0,1
2258732,4375,Springdale,AR,4900 Jennifer Ter,Unique store number,0,1
302755,54,Springdale,AR,2004 S Pleasant St,Unique store number,0,1
856155,5738,Springdale,AR,3553 E Robinson Ave,Unique store number,0,1
304017,138,Springfield,MO,1923 E Kearney St,Unique store number,0,1
303426,1602,Springfield,IL,3401 Freedom Dr,Unique store number,0,1
304019,179,Springfield,MO,3520 W Sunshine St,Unique store number,0,1
303759,1967,Springfield,MA,1105 Boston Rd,Unique store number,0,1
304016,2221,Springfield,MO,2021 E Independence St,Unique store number,0,1
304471,2429,Springfield,OH,2100 N Bechtle Ave,Unique store number,0,1
2345903,2839,Springfield,MO,444 W Grand St,Unique store number,0,1
312424,304,Springfield,TN,3360 Tom Austin Hwy,Unique store number,0,1
1798010,3062,Springfield,MO,3536 W Mount Vernon St,Unique store number,0,1
1797952,3111,Springfield,MO,545 El Camino Alto Dr,Unique store number,0,1
303427,3210,Springfield,IL,2760 N Dirksen Pkwy,Unique store number,0,1
2303797,3238,Springfield,MO,3720 E Sunshine St,Unique store number,0,1
304592,3239,Springfield,OR,2659 Olympic St,Unique store number,0,1
821340,3602,Springfield,IL,1100 Lejune Dr,Unique store number,0,1
2083140,4178,Springfield,OR,2730 Gateway St,Unique store number,0,1
304018,444,Springfield,MO,3315 S Campbell Ave,Unique store number,0,1
1406460,5692,Springfield,MO,3150 W Republic Rd,Unique store number,0,1
1406452,5693,Springfield,MO,1320 S Glenstone Ave,Unique store number,0,1
1051891,5881,Springfield,PA,400 S State Rd,Unique store number,0,1
304015,86,Springfield,MO,2825 N Kansas Expy,Unique store number,0,1
703468,3641,Springfield,OH,200 S Tuttle Rd,Unique store number,0,1
303719,1169,Springhill,LA,1920 S Arkansas St,Unique store number,0,1
2108571,2332,Saint Albans,VT,700 Tuckers Way,Unique store number,0,1
303428,1898,Saint Charles,IL,150 Smith Rd,Unique store number,0,1
305313,2421,Saint Croix Falls,WI,2212 Glacier Dr,Unique store number,0,1
304593,2422,Saint Helens,OR,2295 Gable Rd,Unique store number,0,1
2867512,928,Saint Johns,FL,845 Durbin Pavilion Dr,Unique store number,0,1
304672,1792,Saint Marys,PA,1102 Million Dollar Hwy,Unique store number,0,1
303232,836,Saint Marys,GA,6586 GA Highway 40 E,Unique store number,0,1
554002,5297,Louisville,KY,143 Thierman Ln,Unique store number,0,1
2333646,5421,Saint Peters,MO,45 Sutters Mill Rd,Unique store number,0,1
2333647,5427,Saint Peters,MO,3031 Mid Rivers Mall Dr,Unique store number,0,1
615594,5218,Saint Petersburg,FL,3501 34th St S,Unique store number,0,1
305211,2438,Stafford,VA,217 Garrisonville Rd,Unique store number,0,1
2455537,6936,Stafford,VA,14 N Stafford Complex Ctr,Unique store number,0,1
305106,915,Stafford,TX,11210 W Airport Blvd,Unique store number,0,1
303644,825,Stanford,KY,1283 US Highway 27 N,Unique store number,0,1
304093,112,Starkville,MS,1010 Highway 12 W,Unique store number,0,1
2608050,5459,Starkville,MS,105 Market St,Unique store number,0,1
304673,1640,State College,PA,1665 N Atherton St,Unique store number,0,1
304674,2230,State College,PA,373 Benner Pike,Unique store number,0,1
2219680,2858,Statesboro,GA,349 Brampton Ave,Unique store number,0,1
303233,754,Statesboro,GA,147 Northside Dr E,Unique store number,0,1
304193,1662,Statesville,NC,1116 Crossroads Dr,Unique store number,0,1
305212,1344,Staunton,VA,1028 Richmond Ave Ste C,Unique store number,0,1
1352654,4239,Reno,NV,250 Vista Knoll Pkwy,Unique store number,0,1
302969,1808,Steamboat Springs,CO,1805 Central Park Dr,Unique store number,0,1
305108,610,Stephenville,TX,2765 W Washington St,Unique store number,0,1
305213,2038,Sterling,VA,45415 Dulles Crossing Plz,Unique store number,0,1
303429,891,Sterling,IL,4115 E Lincolnway,Unique store number,0,1
302970,924,Sterling,CO,1510 W Main St,Unique store number,0,1
303876,2558,Sterling Heights,MI,44575 Mound Rd,Unique store number,0,1
772547,2559,Sterling Heights,MI,33201 Van Dyke Ave,Unique store number,0,1
322244,2193,Steubenville,OH,100 Mall Dr,Unique store number,0,1
302921,2297,Stevenson Ranch,CA,25450 The Old Rd,Unique store number,0,1
302911,1554,Stockton,CA,3223 E Hammer Ln,Unique store number,0,1
1448375,3352,Stockton,CA,10355 Trinity Pkwy,Unique store number,0,1
1490989,3022,Stockton,CA,1189 E March Ln,Unique store number,0,1
303235,1184,Stone Mountain,GA,1825 Rockbridge Rd,Unique store number,0,1
1927622,3188,Stone Mountain,GA,5935 Memorial Dr,Unique store number,0,1
305315,1176,Stoughton,WI,2600 St Hwy 138,Unique store number,0,1
302995,2585,Stratford,CT,150 Barnum Avenue Cutoff,Unique store number,0,1
303430,1420,Streamwood,IL,850 S Barrington Rd,Unique store number,0,1
1100980,2313,Streetsboro,OH,905 Singletary Dr,Unique store number,0,1
304475,2266,Strongsville,OH,8585 Pearl Rd,Unique store number,0,1
303760,2797,Sturbridge,MA,100 Charlton Rd,Unique store number,0,1
305316,1316,Sturgeon Bay,WI,1536 Egg Harbor Rd,Unique store number,0,1
303877,1771,Sturgis,MI,1500 S Centerville Rd,Unique store number,0,1
302757,102,Stuttgart,AR,406 E 22ND ST,Unique store number,0,1
305214,1687,Suffolk,VA,1200 N Main St,Unique store number,0,1
305215,3214,Suffolk,VA,6259 College Dr,Unique store number,0,1
305109,2993,Sugar Land,TX,345 Highway 6,Unique store number,0,1
2455521,4466,Sugar Land,TX,13322 W Airport Blvd,Unique store number,0,1
2219509,3708,Suisun City,CA,350 Walters Rd,Unique store number,0,1
303513,617,Sullivan,IN,757 W Wolfe St,Unique store number,0,1
304027,65,Sullivan,MO,350 Park Ridge Rd,Unique store number,0,1
304559,225,Sulphur,OK,2705 W Broadway Ave,Unique store number,0,1
303721,331,Sulphur,LA,525 N Cities Service Hwy,Unique store number,0,1
302673,2723,Sumiton,AL,690 Highway 78,Unique store number,0,1
303134,2843,Summerfield,FL,17961 S Us Highway 441,Unique store number,0,1
305351,1477,Summersville,WV,200 Wal St,Unique store number,0,1
897379,1037,SUMMERVILLE,SC,1317 N Main St Ste A1,Unique store number,0,1
2634743,5279,SUMMERVILLE,SC,1616 Central Ave,Unique store number,0,1
2293441,6174,SUMMERVILLE,SC,10635 Dorchester Rd,Unique store number,0,1
304753,628,SUMMERVILLE,SC,9880 Dorchester Rd,Unique store number,0,1
305317,1267,Sun Prairie,WI,1905 Mccoy Rd,Unique store number,0,1
305256,2241,Sunnyside,WA,2675 E Lincoln Ave,Unique store number,0,1
764659,1349,Fort Lauderdale,FL,3306 N University Dr,Unique store number,0,1
303136,2151,Fort Lauderdale,FL,12555 W Sunrise Blvd,Unique store number,0,1
305318,1447,Superior,WI,3705 Tower Ave,Unique store number,0,1
304756,574,MYRTLE BEACH,SC,2751 Beaver Run Blvd,Unique store number,0,1
302797,2777,Surprise,AZ,13770 W Bell Rd,Unique store number,0,1
824330,4218,Surprise,AZ,15431 W Greenway Rd,Unique store number,0,1
1339460,5429,Surprise,AZ,14111 N Prasada Gateway Ave,Unique store number,0,1
302913,1616,Susanville,CA,2900 Main St,Unique store number,0,1
2258612,6951,Sutton,WV,369 Scott Frk,Unique store number,0,1
303237,3462,Suwanee,GA,3245 Lawrenceville Suwanee Rd,Unique store number,0,1
303238,1024,Swainsboro,GA,414 S Main St,Unique store number,0,1
2608053,7179,Swansboro,NC,1109 W Corbett Ave,Unique store number,0,1
615583,3381,Sweetwater,TX,407 NE Georgia Ave,Unique store number,0,1
1947865,4166,Sweetwater,TN,935 Highway 11 S,Unique store number,0,1
302674,730,Sylacauga,AL,41301 Us Highway 280,Unique store number,0,1
304194,2440,Sylva,NC,210 Walmart Plz,Unique store number,0,1
303138,1077,Tallahassee,FL,3535 Apalachee Pkwy,Unique store number,0,1
303137,1223,Tallahassee,FL,5500 Thomasville Rd,Unique store number,0,1
303139,1408,Tallahassee,FL,4400 W Tennessee St,Unique store number,0,1
844331,4427,Tallahassee,FL,3221 N Monroe St,Unique store number,0,1
787903,4520,Tallahassee,FL,4021 Lagniappe Way,Unique store number,0,1
2220303,2930,Fort Lauderdale,FL,6931 NW 88th Ave,Unique store number,0,1
303144,1482,Tampa,FL,7011 W Waters Ave,Unique store number,0,1
303142,1501,Tampa,FL,14941 N Dale Mabry Hwy,Unique store number,0,1
303143,1960,Tampa,FL,1505 N Dale Mabry Hwy,Unique store number,0,1
303141,2740,Tampa,FL,19910 Bruce B Downs Blvd,Unique store number,0,1
2120190,3197,Tampa,FL,15302 N Nebraska Ave,Unique store number,0,1
895738,4681,Tampa,FL,4302 W Gandy Blvd,Unique store number,0,1
499063,5036,Tampa,FL,6192 Gunn Hwy,Unique store number,0,1
513562,5220,Tampa,FL,8220 N Dale Mabry Hwy,Unique store number,0,1
533870,5221,Tampa,FL,8885 N Florida Ave,Unique store number,0,1
549126,5255,Tampa,FL,6216 Elliot Dr,Unique store number,0,1
2220310,5654,Tampa,FL,3671 W Hillsborough Ave,Unique store number,0,1
832009,5760,Tampa,FL,1601 W Kennedy Blvd,Unique store number,0,1
2258607,5964,Tampa,FL,1720 E Hillsborough Ave,Unique store number,0,1
2151143,6548,Tampa,FL,4525 Gunn Hwy,Unique store number,0,1
304310,873,Taos,NM,926 Paseo Del Pueblo Sur,Unique store number,0,1
303878,2912,Taylor,MI,7555 Telegraph Rd,Unique store number,0,1
895733,4276,Taylor,PA,1325 S Main Ave,Unique store number,0,1
2338380,4355,Taylor,AZ,715 N Main St,Unique store number,0,1
305111,77,Taylor,TX,3701 N Main St,Unique store number,0,1
787674,3733,Fort Mill,SC,1151 Stonecrest Blvd,Unique store number,0,1
303514,1676,Tell City,IN,730 Us Highway 66 E,Unique store number,0,1
2108580,2708,Temecula,CA,32225 Temecula Pkwy,Unique store number,0,1
304665,2614,Temple,PA,5370 Allentown Pike,Unique store number,0,1
2265896,6929,Temple,TX,6801 W Adams Ave,Unique store number,0,1
305112,746,Temple,TX,3401 S 31st St,Unique store number,0,1
303515,1310,Terre Haute,IN,5555 S Us Highway 41,Unique store number,0,1
705117,4235,Terre Haute,IN,2399 S State Road 46,Unique store number,0,1
305113,265,Terrell,TX,1900 W Moore Ave,Unique store number,0,1
303762,2222,Tewksbury,MA,333 Main St,Unique store number,0,1
304028,837,Thayer,MO,333 E Walnut St,Unique store number,0,1
305118,3213,Conroe,TX,3040 College Park Dr,Unique store number,0,1
303722,1016,Thibodaux,LA,410 N Canal Blvd,Unique store number,0,1
2333649,5464,Thibodaux,LA,224 W Main St,Unique store number,0,1
304476,1622,Tiffin,OH,2801 W State Route 18,Unique store number,0,1
853646,4599,Timnath,CO,4500 Weitzel St,Unique store number,0,1
654800,5360,Titusville,PA,11415 Hydetown Rd,Unique store number,0,1
303145,649,Titusville,FL,3175 Cheney Hwy,Unique store number,0,1
1798021,2346,TOA BAJA,,,Unmatched,,0
303645,2654,Tompkinsville,KY,1650 Edmonton Rd,Unique store number,0,1
302914,2025,Tracy,CA,3010 W Grant Line Rd,Unique store number,0,1
745555,5088,Triadelphia,WV,450 Stewart Ln,Unique store number,0,1
824328,4341,Truth Or Consequences,NM,2001 Hr Ashbaugh Dr,Unique store number,0,1
744842,3377,Tucson,AZ,2823 W Valencia Rd,Unique store number,0,1
832007,4473,Tucson,AZ,2175 W Ruthrauff Rd,Unique store number,0,1
708013,894,Tulsa,OK,6625 S Memorial Dr,Unique store number,0,1
1019037,3850,Olympia,WA,5900 Littlerock Rd SW,Unique store number,0,1
2303801,2024,Tunkhannock,PA,808 Hunter Hwy,Unique store number,0,1
302916,1963,Turlock,CA,2111 Fulkerth Rd,Unique store number,0,1
1947847,3047,Turlock,CA,2480 Geer Rd,Unique store number,0,1
4351324,2500,Tuscaloosa,AL,8600 Hwy 69 S,Unique store number,0,1
2311833,5256,Tuscaloosa,AL,4201 Hargrove Rd E,Unique store number,0,1
302680,715,Tuscaloosa,AL,1501 Skyland Blvd E,Unique store number,0,1
312431,3265,Yorktown,VA,2601 George Washington Mem Hwy,Unique store number,0,1
1947862,4137,Tacoma,WA,1965 S Union Ave,Unique store number,0,1
304560,10,Tahlequah,OK,2020 S Muskogee Ave,Unique store number,0,1
302675,432,Talladega,AL,214 Haynes St,Unique store number,0,1
302676,1057,Tallassee,AL,2190 Gilmer Ave,Unique store number,0,1
751950,3634,Tamaqua,PA,35 Plaza Dr Route 309 N,Unique store number,0,1
305216,1730,TAPPAHANNOCK,VA,1660 Tappahannock Blvd,Unique store number,0,1
304195,2730,Tarboro,NC,110 River Oaks Dr,Unique store number,0,1
680096,3838,Tarentum,PA,2010 Village Center Dr,Unique store number,0,1
1490978,3415,Tarpon Springs,FL,41232 Us Highway 19 N,Unique store number,0,1
646599,5376,TAWAS CITY,MI,621 E Lake St,Unique store number,0,1
304196,1131,Taylorsville,NC,901 Nc Hwy 16 S,Unique store number,0,1
305142,1686,Salt Lake City,UT,5469 S Redwood Rd,Unique store number,0,1
1331108,343,Taylorville,IL,1530 W Springfield Rd,Unique store number,0,1
3097735,4317,Tehachapi,CA,400 Tucker Rd,Unique store number,0,1
302798,1746,Tempe,AZ,1380 W Elliot Rd,Unique store number,0,1
867104,5768,Tempe,AZ,800 E Southern Ave,Unique store number,0,1
2220369,3159,Teterboro,NJ,1 Teterboro Landing Dr,Unique store number,0,1
305114,2123,Texarkana,TX,4000 New Boston Rd,Unique store number,0,1
2208409,4367,Texarkana,TX,3302 Summerhill Rd,Unique store number,0,1
2258731,4371,Texarkana,TX,3520 Richmond Rd,Unique store number,0,1
302758,468,Texarkana,AR,133 Arkansas Blvd,Unique store number,0,1
305116,426,The Colony,TX,4691 State Highway 121,Unique store number,0,1
513531,5286,Oklahoma City,OK,9320 N Pennsylvania Pl,Unique store number,0,1
4411645,2800,The Villages,FL,1115 Waxman Dr,Unique store number,0,1
746342,4262,The Villages,FL,4085 Wedgewood Ln,Unique store number,0,1
2573115,4565,The Villages,FL,270 Heald Way,Unique store number,0,1
703467,3390,Spring,TX,10001 Woodlands Pkwy,Unique store number,0,1
2333653,5744,Theodore,AL,7320 Theodore Dawes Rd,Unique store number,0,1
703472,3761,Thief River Falls,MN,1755 Highway 59 S,Unique store number,0,1
303239,1112,Thomaston,GA,855 N Church St,Unique store number,0,1
303818,1797,Thomaston,ME,55 Thomaston Commons Way,Unique store number,0,1
302677,1174,Thomasville,AL,34301 Highway 43,Unique store number,0,1
312434,3503,Thomasville,NC,1585 Liberty Dr Ste 1,Unique store number,0,1
303240,889,Thomasville,GA,15328 Us Highway 19 S,Unique store number,0,1
303241,1658,Thomson,GA,2205 Harrison Rd SE,Unique store number,0,1
302971,1231,Denver,CO,9901 Grant St,Unique store number,0,1
1490988,3019,Denver,CO,850 E 88th Ave,Unique store number,0,1
893230,4567,Brighton,CO,7101 E 128th Ave,Unique store number,0,1
2103612,3179,Newbury Park,CA,512 N Ventu Park Rd,Unique store number,0,1
764442,3791,Three Rivers,MI,101 S Tolbert Dr,Unique store number,0,1
304387,2424,Ticonderoga,NY,1134 Wicker St,Unique store number,0,1
303242,1072,Tifton,GA,1830 Us Highway 82 W,Unique store number,0,1
2311831,5198,Tifton,GA,1810 Tift Ave N,Unique store number,0,1
2151132,5935,Portland,OR,7600 SW Dartmouth St,Unique store number,0,1
304260,2369,Tilton,NH,33 Sherwood Dr,Unique store number,0,1
2363062,6952,Timberville,VA,375 S Main St,Unique store number,0,1
303307,841,Tipton,IA,1126 Hwy 38 N,Unique store number,0,1
303243,1122,Eastanollee,GA,3886 Highway 17,Unique store number,0,1
513568,5028,Toledo,OH,2925 Glendale Ave,Unique store number,0,1
499075,5030,Toledo,OH,5821 W Central Ave,Unique store number,0,1
305319,965,Tomah,WI,222 W Mccoy Blvd,Unique store number,0,1
2449616,351,Tomball,TX,25800 Kuykendahl Rd,Unique store number,0,1
1100983,5045,Tomball,TX,22605 State Highway 249,Unique store number,0,1
1331118,703,Tomball,TX,27650 State Highway 249,Unique store number,0,1
304284,1844,Toms River,NJ,950 Route 37 W,Unique store number,0,1
305153,1440,Tooele,UT,99 W 1280 N,Unique store number,0,1
303566,1802,Topeka,KS,1501 SW Wanamaker Rd,Unique store number,0,1
303567,2131,Topeka,KS,1301 SW 37th St,Unique store number,0,1
746350,5441,Topeka,KS,2600 NW Rochester Rd,Unique store number,0,1
2182444,6392,Topeka,KS,2630 SE California Ave,Unique store number,0,1
2219699,6585,Topeka,KS,335 SW Macvicar Ave,Unique store number,0,1
1947841,2226,TORRANCE,CA,19340 Hawthorne Blvd,Unique store number,0,1
832963,5072,TORRANCE,CA,19503 Normandie Ave,Unique store number,0,1
1490962,5874,TORRANCE,CA,22015 Hawthorne Blvd,Unique store number,0,1
302996,2144,Torrington,CT,970 Torringford St,Unique store number,0,1
680061,5487,Travelers Rest,SC,9 Benton Rd,Unique store number,0,1
303879,2338,Traverse City,MI,2640 Crossing Cir,Unique store number,0,1
302972,962,Trinidad,CO,2921 Toupal Dr,Unique store number,0,1
303236,756,Trion,GA,13427 Highway 27,Unique store number,0,1
304478,1410,Troy,OH,1801 W Main St,Unique store number,0,1
304336,2370,Troy,NY,760 Hoosick Rd,Unique store number,0,1
303880,2873,Troy,MI,2001 W Maple Rd,Unique store number,0,1
304030,60,Troy,MO,101 Highway 47 E,Unique store number,0,1
302678,723,Troy,AL,1420 Highway 231 S,Unique store number,0,1
302759,229,Trumann,AR,512 Industrial Park Dr,Unique store number,0,1
303244,2584,Tucker,GA,4375 Lawrenceville Hwy,Unique store number,0,1
1947851,3071,Tucker,GA,3201 Tucker Norcross Rd,Unique store number,0,1
302800,1291,TUCSON,AZ,7150 E Speedway Blvd,Unique store number,0,1
302801,1325,TUCSON,AZ,455 E Wetmore Rd,Unique store number,0,1
302802,1612,TUCSON,AZ,1650 W Valencia Rd,Unique store number,0,1
302803,2922,TUCSON,AZ,7635 N La Cholla Blvd,Unique store number,0,1
1907800,3049,Tucson,AZ,2550 S Kolb Rd,Unique store number,0,1
646182,3357,Tucson,AZ,3925 E Grant Rd,Unique store number,0,1
1947860,3884,Tucson,AZ,3435 E Broadway Blvd,Unique store number,0,1
2333616,4490,Tucson,AZ,2565 E Commerce Center Pl,Unique store number,0,1
824329,4603,Tucson,AZ,5500 E 22nd St,Unique store number,0,1
1797925,5626,Tucson,AZ,1260 E Tucson Marketplace Blvd,Unique store number,0,1
2449634,5725,Tucson,AZ,831 E Fort Lowell Rd,Unique store number,0,1
1947878,5799,Tucson,AZ,2711 S Houghton Rd,Unique store number,0,1
2090566,5858,Tucson,AZ,9260 S Houghton Rd,Unique store number,0,1
302915,2536,Tulare,CA,1110 E Prosperity Ave,Unique store number,0,1
304857,667,Tullahoma,TN,2111 N Jackson St,Unique store number,0,1
304564,1597,Tulsa,OK,10938 S Memorial Dr,Unique store number,0,1
305455,2395,Tulsa,OK,9411 S Delaware Ave,Unique store number,0,1
305454,2880,Tulsa,OK,6606 E 81st St,Unique store number,0,1
764438,3340,Tulsa,OK,4720 E 21st St,Unique store number,0,1
305453,3457,Tulsa,OK,3116 S Garnett Rd,Unique store number,0,1
466457,5093,Tulsa,OK,4404 S Peoria Ave,Unique store number,0,1
304561,576,Tulsa,OK,207 S Memorial Dr,Unique store number,0,1
2151155,6170,Tulsa,OK,3139 S Harvard Ave E,Unique store number,0,1
304563,992,Tulsa,OK,2019 E 81st St,Unique store number,0,1
304094,258,Tupelo,MS,3929 N Gloster St,Unique store number,0,1
304095,391,Tupelo,MS,2270 W Main St,Unique store number,0,1
2388298,4619,Tupelo,MS,316 S Gloster St,Unique store number,0,1
304285,1742,Blackwood,NJ,3501 Route 42,Unique store number,0,1
1907804,3143,Tucson,AZ,8640 E Broadway Blvd,Unique store number,0,1
859630,3897,Twin Falls,ID,252 Cheney Dr W,Unique store number,0,1
305120,1022,Tyler,TX,3820 State Highway 64 W,Unique store number,0,1
305121,1044,Tyler,TX,5050 Troup Hwy,Unique store number,0,1
305122,2688,Tyler,TX,6801 S Broadway Ave,Unique store number,0,1
2103619,4193,Tyler,TX,1900 E Southeast Loop 323,Unique store number,0,1
2333621,4605,Tyler,TX,5976 Old Jacksonville Hwy,Unique store number,0,1
2333651,5700,Tyler,TX,2151 Frankston Hwy,Unique store number,0,1
2449621,6467,Tyler,TX,450 S Southeast Loop 323,Unique store number,0,1
302919,1992,Upland,CA,1540 W Foothill Blvd,Unique store number,0,1
1490994,5691,Upland,CA,1445 E Foothill Blvd,Unique store number,0,1
703474,3809,Upper Sandusky,OH,1855 E Wyandot Ave,Unique store number,0,1
302917,2052,Ukiah,CA,1155 Airport Park Blvd,Unique store number,0,1
703946,3852,Unicoi,TN,110 Rocky Bottom Dr,Unique store number,0,1
304286,3292,Union,NJ,900 Springfield Rd,Unique store number,0,1
845284,629,Union,SC,513 N Duncan Byp,Unique store number,0,1
304031,99,Union,MO,1445 E Central Ct,Unique store number,0,1
302918,2031,Union City,CA,30600 Dyer St,Unique store number,0,1
304858,675,Union City,TN,1601 W Reelfoot Ave/US Hwy 51,Unique store number,0,1
303245,855,Union City,GA,4735 Jonesboro Rd,Unique store number,0,1
304388,2583,Uniondale,NY,1123 Jerusalem Ave,Unique store number,0,1
787701,2019,Uniontown,PA,355 Walmart Dr,Unique store number,0,1
2366728,4055,Universal City,TX,510 Kitty Hawk Rd,Unique store number,0,1
303140,2627,Tampa,FL,2701 E Fletcher Ave,Unique store number,0,1
304479,1239,Urbana,OH,1840 E Us Highway 36,Unique store number,0,1
680100,5403,Urbana,IL,100 S High Cross Rd,Unique store number,0,1
304389,2093,Utica,NY,710 Horatio St,Unique store number,0,1
305123,782,Uvalde,TX,3100 E Main St,Unique store number,0,1
1947874,5609,VALLEJO,CA,501 Sereno Dr,Unique store number,0,1
302760,16,Van Buren,AR,2214 Fayetteville Rd,Unique store number,0,1
305258,2550,Vancouver,WA,221E NE 104th Ave,Unique store number,0,1
305257,2947,Vancouver,WA,9000 NE Highway 99,Unique store number,0,1
2103609,3145,Vancouver,WA,2201 Grand Blvd,Unique store number,0,1
2303804,5461,Vancouver,WA,14505 NE Fourth Plain Blvd,Unique store number,0,1
305259,2539,Veradale,WA,15727 E Broadway Ave,Unique store number,0,1
680094,3734,VERMILLION,SD,1207 Princeton Ave,Unique store number,0,1
305125,330,Victoria,TX,9002 N Navarro St,Unique store number,0,1
2150916,4194,Victoria,TX,4001 Houston Hwy,Unique store number,0,1
305126,457,VIDOR,TX,1360 N Main St,Unique store number,0,1
326847,3538,MELBOURNE,FL,8500 N Wickham Rd,Unique store number,0,1
304391,1813,Newark,NY,6788 State Route 31 E,Unique store number,0,1
303724,116,Vivian,LA,929 S Pine St,Unique store number,0,1
302920,1704,Vacaville,CA,1501 Helen Power Dr,Unique store number,0,1
1947869,5007,Vacaville,CA,2050 Nut Tree Rd,Unique store number,0,1
1947873,5608,Vacaville,CA,941 Alamo Dr,Unique store number,0,1
303923,2087,Saint Paul,MN,850 County Road E,Unique store number,0,1
303247,2615,Valdosta,GA,3274 Inner Perimeter Rd,Unique store number,0,1
2438923,6732,Valdosta,GA,4196 Bemiss Rd,Unique store number,0,1
303246,899,Valdosta,GA,340 Norman Dr,Unique store number,0,1
302681,733,Valley,AL,3501 20th Ave,Unique store number,0,1
499080,5293,Valley Stream,NY,77 Green Acres Rd,Unique store number,0,1
303516,1479,Valparaiso,IN,2400 Morthland Dr,Unique store number,0,1
303014,941,Valrico,FL,2140 Bloomingdale Ave,Unique store number,0,1
303831,2872,Belleville,MI,10562 Belleville Rd,Unique store number,0,1
304480,1333,Van Wert,OH,301 Town Center Blvd,Unique store number,0,1
680101,5462,Vancouver,WA,430 SE 192nd Ave,Unique store number,0,1
303432,317,VANDALIA,IL,201 Mattes Ave,Unique store number,0,1
303146,769,Venice,FL,4150 Tamiami Trl S,Unique store number,0,1
2090336,3650,Ventura,CA,1739 S Victoria Ave,Unique store number,0,1
528710,1572,Vernal,UT,1851 W Highway 40,Unique store number,0,1
305124,3229,Vernon,TX,3800 Us Highway 287 W,Unique store number,0,1
303433,1489,Vernon Hills,IL,555 E Townline Rd,Unique store number,0,1
2455522,4546,Vero Beach,FL,1750 Us Highway 1,Unique store number,0,1
303147,931,Vero Beach,FL,5555 20th St,Unique store number,0,1
304032,357,Versailles,MO,1003 W Newton St,Unique store number,0,1
304390,1835,Vestal,NY,2405 Vestal Pkwy E,Unique store number,0,1
764456,4580,Birmingham,AL,1300 Montgomery Hwy,Unique store number,0,1
304096,708,Vicksburg,MS,2150 Iowa Blvd,Unique store number,0,1
906714,2785,Victor,NY,441 Commerce Dr,Unique store number,0,1
2303787,1588,Victorville,CA,11896 Amargosa Rd,Unique store number,0,1
2104747,4392,Victorville,CA,12234 Palmdale Rd,Unique store number,0,1
303672,1106,Vidalia,LA,4283 Carter St,Unique store number,0,1
303248,864,Vidalia,GA,3109 E 1st St,Unique store number,0,1
305352,1782,Vienna,WV,701 Grand Central Ave,Unique store number,0,1
1947890,5936,Vienna,VA,1500 Cornerside Blvd Ste B,Unique store number,0,1
303434,1737,Villa Park,IL,900 South Route 83,Unique store number,0,1
303249,2732,Villa Rica,GA,600 Carrollton Villa Rica Hwy,Unique store number,0,1
303723,312,Ville Platte,LA,891 E Lasalle St,Unique store number,0,1
303517,492,Vincennes,IN,650 Kimmell Rd,Unique store number,0,1
832770,3339,Vineland,NJ,1070 W Landis Ave,Unique store number,0,1
304565,50,Vinita,OK,268 S 7th St,Unique store number,0,1
305217,1688,Virginia Beach,VA,657 Phoenix Dr,Unique store number,0,1
305219,2529,Virginia Beach,VA,2021 Lynnhaven Pkwy,Unique store number,0,1
305218,3216,Virginia Beach,VA,1149 Nimmo Pkwy,Unique store number,0,1
2172465,4064,Virginia Beach,VA,4821 Virginia Beach Blvd,Unique store number,0,1
1935816,4220,Virginia Beach,VA,3201 Holland Rd,Unique store number,0,1
2449620,5922,Virginia Beach,VA,546 First Colonial Rd,Unique store number,0,1
2208415,6226,Virginia Beach,VA,1832 Kempsville Rd Ste 100,Unique store number,0,1
305320,971,Viroqua,WI,1133 N Main St,Unique store number,0,1
302924,1826,Visalia,CA,1819 E Noble Ave,Unique store number,0,1
1831096,5635,Visalia,CA,1320 N Demaree St,Unique store number,0,1
1357887,5956,Visalia,CA,3750 S Mooney Blvd,Unique store number,0,1
302925,2094,VISTA,CA,1800 University Dr,Unique store number,0,1
305127,777,Orange,TX,3115 Edgar Brown Dr,Unique store number,0,1
746338,4246,Wadena,MN,100 Juniper Ave,Unique store number,0,1
304758,1358,Walterboro,SC,2110 Bells Hwy,Unique store number,0,1
304033,61,Warrensburg,MO,301 E Cooper St,Unique store number,0,1
304034,1021,Warrenton,MO,500 Warren County Ctr,Unique store number,0,1
305220,2437,Warrenton,VA,700 James Madison Hwy,Unique store number,0,1
2725141,5861,Warrenton,OR,1791 SE Ensign Ln,Unique store number,0,1
2333428,5649,Warrington,PA,299 Valley Gate Dr,Unique store number,0,1
304097,1195,Waveland,MS,460 Highway 90,Unique store number,0,1
305324,1396,Baraboo,WI,920 State Road 136,Unique store number,0,1
704466,3762,West Des Moines,IA,6365 Stagecoach Dr,Unique store number,0,1
513574,5152,West Hills,CA,6433 Fallbrook Ave,Unique store number,0,1
1831097,5669,Milwaukee,WI,4140 W Greenfield Ave,Unique store number,0,1
841059,4446,West Palm Beach,FL,4225 45th St,Unique store number,0,1
801445,3824,ARVADA,CO,7155 Sheridan Blvd,Unique store number,0,1
305133,940,Fort Worth,TX,6770 Westworth Blvd,Unique store number,0,1
665979,2643,Saint Paul,MN,10240 Hudson Rd,Unique store number,0,1
824231,3422,Woodbury,NJ,2000 Clements Bridge Rd Ste 10,Unique store number,0,1
859636,5476,Woodbury,NJ,820 Cooper St,Unique store number,0,1
302929,2190,Woodland,CA,1720 E Main St,Unique store number,0,1
906986,3742,Woodland,WA,1486 Dike Access Rd,Unique store number,0,1
2103616,4127,Woodland,CA,215 California St,Unique store number,0,1
1947872,5606,Woodland,CA,1250 E Gibson Rd,Unique store number,0,1
764660,3805,Woodland Park,CO,19600 E Us Highway 24,Unique store number,0,1
787667,1667,Wabash,IN,1601 N Cass St,Unique store number,0,1
305128,939,Waco,TX,4320 Franklin Ave,Unique store number,0,1
544534,5389,Woodway,TX,600 Hewitt Dr,Unique store number,0,1
595449,2966,Wadsworth,OH,222 Smokerise Dr,Unique store number,0,1
304566,63,WAGONER,OK,410 S Dewey Ave,Unique store number,0,1
764634,3875,Wahpeton,ND,1625 Commerce Dr,Unique store number,0,1
303260,2314,Waipahu,HI,94 595 Kupuohi St,Unique store number,0,1
544531,5254,Wake Forest,NC,2114 S Main St,Unique store number,0,1
2311809,4373,Texarkana,TX,200 Wake Village Rd,Unique store number,0,1
2303782,1717,Waldorf,MD,11930 Acton Ln,Unique store number,0,1
303725,2822,WALKER,LA,28270 Walker Rd S,Unique store number,0,1
304198,1352,Wallace,NC,5625 Hwy 41 S,Unique store number,0,1
302997,2371,Wallingford,CT,844 N Colony Rd,Unique store number,0,1
302762,57,Walnut Ridge,AR,1600 W Main St,Unique store number,0,1
303763,2103,Walpole,MA,550 Providence Hwy,Unique store number,0,1
645177,3300,Wapakoneta,OH,1257 Bellefontaine St,Unique store number,0,1
303764,2386,Ware,MA,352 Palmer Rd,Unique store number,0,1
303765,2095,Wareham,MA,15 Tobey Rd,Unique store number,0,1
82067,2096,Warminster,PA,100 E Street Rd,Unique store number,0,1
303250,1367,Warner Robins,GA,2720 Watson Blvd,Unique store number,0,1
4476171,840,Warner Robins,GA,515 N Houston Rd,Unique store number,0,1
2311794,920,Warner Robins,GA,3009 Russell Pkwy,Unique store number,0,1
683226,3750,Warner Robins,GA,502 Booth Rd,Unique store number,0,1
2083150,2875,Oklahoma City,OK,6437 N Macarthur Blvd,Unique store number,0,1
304481,2197,Cortland,OH,2016 Millennium Blvd,Unique store number,0,1
749737,3429,Warren,PA,2901 Market St,Unique store number,0,1
2090564,4424,Warren,MI,29176 Van Dyke Ave,Unique store number,0,1
303519,1304,Warsaw,IN,2501 Walton Blvd,Unique store number,0,1
304392,2043,Warsaw,NY,2348 State Route 19 N,Unique store number,0,1
304035,250,Warsaw,MO,103 W Polk St,Unique store number,0,1
304699,2373,Warwick,RI,840 Post Rd,Unique store number,0,1
304700,2747,Warwick,RI,650 Bald Hill Rd,Unique store number,0,1
2333430,5859,Wasco,CA,401 N Central Ave,Unique store number,0,1
303924,1038,Waseca,MN,2103 State St N,Unique store number,0,1
1100978,1162,Washington,IN,1801 S State Road 57,Unique store number,0,1
304199,1354,Washington,NC,570 Pamlico Plz,Unique store number,0,1
303435,1421,Washington,IL,1980 Freedom Pkwy,Unique store number,0,1
303308,1475,Washington,IA,2485 Highway 92,Unique store number,0,1
304036,172,Washington,MO,1701 A Roy Dr,Unique store number,0,1
304678,1739,Washington,PA,30 Trinity Point Dr,Unique store number,0,1
2311795,3035,Washington,DC,310 Riggs Rd NE,Unique store number,0,1
2303751,5968,Washington,DC,5929 Georgia Ave NW,Unique store number,0,1
304482,3251,Washington Court House,OH,1397 Leesburg Ave,Unique store number,0,1
302600,2074,Wasilla,AK,1350 S Seward Meridian Pkwy,Unique store number,0,1
513573,5111,Watchung,NJ,1501 US Highway 22,Unique store number,0,1
330588,3548,Waterbury,CT,910 Wolcott St,Unique store number,0,1
302998,2331,Waterford,CT,155 Waterford Pkwy N,Unique store number,0,1
303309,1496,Waterloo,IA,1334 Flammang Dr,Unique store number,0,1
304393,1705,Waterloo,NY,1860 North Rd,Unique store number,0,1
303436,328,Waterloo,IL,961 N Market St,Unique store number,0,1
304769,1500,Watertown,SD,1201 29th St SE,Unique store number,0,1
305321,1776,Watertown,WI,1901 Market Way,Unique store number,0,1
304394,1871,Watertown,NY,20823 State Route 3,Unique store number,0,1
303822,2013,Waterville,ME,80 Waterville Commons Dr,Unique store number,0,1
377783,3221,Watkins Glen,NY,515 E 4th St,Unique store number,0,1
303437,1548,Watseka,IL,1790 E Walnut St,Unique store number,0,1
303148,759,Wauchula,FL,1480 Us Highway 17 N,Unique store number,0,1
704471,3891,Waukegan,IL,3900 Fountain Square Pl,Unique store number,0,1
907572,1635,Waukesha,WI,2000 S West Ave,Unique store number,0,1
305323,2127,Wausau,WI,226100 Rib Mountain Dr,Unique store number,0,1
304483,2350,Wauseon,OH,485 Airport Hwy,Unique store number,0,1
303310,1005,Waverly,IA,2700 4th St SW,Unique store number,0,1
304484,2572,Waverly,OH,990 W Emmitt Ave,Unique store number,0,1
304859,390,Waverly,TN,275 Walton Dr,Unique store number,0,1
305129,260,Waxahachie,TX,1200 N Highway 77,Unique store number,0,1
2220291,7180,Waxhaw,NC,2520 Cuthbertson Rd,Unique store number,0,1
2311818,4527,Waycross,GA,1630 Plant Ave,Unique store number,0,1
303251,556,Waycross,GA,2425 Memorial Dr,Unique store number,0,1
305353,2792,Wayne,WV,100 Mcginnis Dr,Unique store number,0,1
303252,2754,Waynesboro,GA,1500 N Liberty St,Unique store number,0,1
703447,3633,Waynesboro,PA,12751 Washington Township Blvd,Unique store number,0,1
2388295,4388,Waynesboro,VA,1211 W Broad St Ste A,Unique store number,0,1
513548,5117,Waynesboro,VA,116 Lucy Ln,Unique store number,0,1
304098,785,Waynesboro,MS,1350 Azalea Dr,Unique store number,0,1
844330,5446,Waynesburg,PA,405 Murtha Dr,Unique store number,0,1
826926,1663,Waynesville,NC,135 Town Center Loop,Unique store number,0,1
1100971,392,Weatherford,OK,1349 E Eagle Rd,Unique store number,0,1
305130,963,Weatherford,TX,1836 S Main St,Unique store number,0,1
859632,4334,Weaverville,NC,25 Northridge Commons Pkwy,Unique store number,0,1
304037,267,Webb City,MO,1212 S Madison St,Unique store number,0,1
304395,1744,Webster,NY,1990 Brandt Point Dr,Unique store number,0,1
305354,1948,Weirton,WV,400 Three Springs Dr,Unique store number,0,1
303568,370,Wellington,KS,2022 E 16th St,Unique store number,0,1
2278620,6967,Lake Worth,FL,4105 S State Road 7,Unique store number,0,1
305260,2187,Wenatchee,WA,2000 N Wenatchee Ave,Unique store number,0,1
322258,243,WENTZVILLE,MO,1971 Wentzville Pkwy,Unique store number,0,1
2303777,1041,Weslaco,TX,1310 N Texas Blvd,Unique store number,0,1
2151135,6159,Weslaco,TX,1600 S Texas Blvd,Unique store number,0,1
2151100,3418,Wesley Chapel,FL,28500 State Road 54,Unique store number,0,1
305325,2658,West Bend,WI,1515 W Paradise Dr,Unique store number,0,1
303766,2267,West Boylston,MA,137 W Boylston St,Unique store number,0,1
513552,5159,West Branch,MI,2750 Cook Rd,Unique store number,0,1
1815422,4501,Brownsville,PA,134 Daniel Kendall Dr,Unique store number,0,1
303311,797,West Burlington,IA,324 W Agency Rd,Unique store number,0,1
304416,2309,West Chester,OH,8288 Cincinnati Dayton Rd,Unique store number,0,1
304759,1183,West Columbia,SC,2401 Augusta Rd,Unique store number,0,1
305132,482,West Columbia,TX,301 N Columbia Dr,Unique store number,0,1
749740,3803,West Haven,CT,515 Saw Mill Rd,Unique store number,0,1
302763,714,Helena West Helena,AR,602 Sheila Dr,Unique store number,0,1
304200,3289,West Jefferson,NC,1489 Mount Jefferson Rd,Unique store number,0,1
305155,3232,West Jordan,UT,7671 S 3800 W,Unique store number,0,1
303521,2339,West Lafayette,IN,2801 Northwestern Ave,Unique store number,0,1
304248,2138,West Lebanon,NH,285 Plainfield Rd,Unique store number,0,1
1406466,5994,West Linn,OR,19133 Willamette Dr,Unique store number,0,1
302764,70,West Memphis,AR,798 W Service Rd,Unique store number,0,1
304679,2281,West Mifflin,PA,2351 Century Dr,Unique store number,0,1
2208406,2940,West Monroe,LA,5251 Cypress St,Unique store number,0,1
303726,307,West Monroe,LA,1025 Glenwood Dr,Unique store number,0,1
2208407,3743,West Monroe,LA,2400 Cypress St,Unique store number,0,1
304654,3475,Norristown,PA,650 S Trooper Rd,Unique store number,0,1
303149,1436,West Palm Beach,FL,6294 Forest Hill Blvd,Unique store number,0,1
303150,1541,West Palm Beach,FL,9990 Belvedere Rd,Unique store number,0,1
705108,3348,West Palm Beach,FL,101 N Congress Ave,Unique store number,0,1
832006,4560,West Palm Beach,FL,6901 Okeechobee Blvd,Unique store number,0,1
553979,5301,West Palm Beach,FL,4375 Belvedere Rd,Unique store number,0,1
1331113,15,West Plains,MO,1310 Preacher Roe Blvd,Unique store number,0,1
787661,115,WEST POINT,MS,5509 Highway 45 Alt S,Unique store number,0,1
762806,3652,West Sacramento,CA,755 Riverpoint Ct,Unique store number,0,1
615582,3364,Saint Paul,MN,1644 Robert St S,Unique store number,0,1
304485,1368,West Union,OH,11217 State Route 41,Unique store number,0,1
338812,3568,West Valley City,UT,3180 S 5600 W,Unique store number,0,1
378062,5109,West Valley City,UT,4570 S 4000 W,Unique store number,0,1
544530,5233,Salt Lake City,UT,5675 W 6200 S,Unique store number,0,1
615585,3420,Westbury,NY,1220 Old Country Rd,Unique store number,0,1
304701,1964,Westerly,RI,258 Post Rd,Unique store number,0,1
1947889,5857,Westerville,OH,50 E Schrock Rd,Unique store number,0,1
303767,2174,Westfield,MA,141 Springfield Rd,Unique store number,0,1
303802,1867,WESTMINSTER,MD,280 Woodward Rd,Unique store number,0,1
302973,2223,WESTMINSTER,CO,9499 Sheridan Blvd,Unique store number,0,1
302926,2495,WESTMINSTER,CA,13331 Beach Blvd,Unique store number,0,1
746330,3867,Denver,CO,200 W 136th Ave,Unique store number,0,1
305355,1653,Weston,WV,110 Berlin Rd,Unique store number,0,1
2083145,998,Mission,KS,4701 Mission Rd,Unique store number,0,1
302682,1101,Wetumpka,AL,4538 Us Highway 231,Unique store number,0,1
303768,3200,Weymouth,MA,740 Middle St,Unique store number,0,1
513564,5246,Wharton,TX,10388 Us 59 Hwy,Unique store number,0,1
1815426,5957,Denver,CO,5957 W 44th Ave,Unique store number,0,1
303438,1735,Wheeling,IL,1455 E Lake Cook Rd,Unique store number,0,1
787688,4483,White House,TN,225 Wilkinson Ln,Unique store number,0,1
303882,2700,White Lake,MI,9190 Highland Rd,Unique store number,0,1
304680,2145,Whitehall,PA,2601 Macarthur Rd,Unique store number,0,1
746313,3447,Columbus,OH,3657 E Main St,Unique store number,0,1
2455513,3458,Whitehall,MI,2755 W Holton Whitehall Rd,Unique store number,0,1
303646,552,Whitesburg,KY,350 Whitesburg Plz,Unique store number,0,1
304201,1268,Whiteville,NC,200 Columbus Corners Dr,Unique store number,0,1
305326,1274,Whitewater,WI,1362 W Main St,Unique store number,0,1
303769,2629,Whitinsville,MA,100 Valley Pkwy,Unique store number,0,1
303570,1221,Wichita,KS,6110 W Kellogg Dr,Unique store number,0,1
303572,1507,Wichita,KS,3030 N Rock Rd,Unique store number,0,1
303573,3283,Wichita,KS,10600 W 21st St N,Unique store number,0,1
303571,3492,Wichita,KS,11411 E Kellogg Dr,Unique store number,0,1
787679,4321,Wichita,KS,5475 N Meridian Ave,Unique store number,0,1
1048094,5855,Wichita,KS,10550 W Central Ave,Unique store number,0,1
1224009,5990,Wichita,KS,2111 N Amidon Ave,Unique store number,0,1
1224010,5991,Wichita,KS,3137 S Seneca St,Unique store number,0,1
303569,1099,Wichita,KS,501 E Pawnee St,Unique store number,0,1
305134,1148,Wichita Falls,TX,3130 Lawrence Rd,Unique store number,0,1
767147,414,Wichita Falls,TX,5131 Greenbriar Rd,Unique store number,0,1
304999,420,Wichita Falls,TX,2700 Central Fwy,Unique store number,0,1
312436,3528,Wiggins,MS,1053 Frontage Dr E,Unique store number,0,1
304681,1623,Wilkes Barre,PA,2150 Wilkes Barre Township Mktpl,Unique store number,0,1
853652,1290,Wilkesboro,NC,1801 Us Highway 421,Unique store number,0,1
303647,1048,Williamsburg,KY,589 W Highway 92,Unique store number,0,1
361843,3219,Williamsburg,VA,731 E Rochambeau Dr,Unique store number,0,1
2075653,5754,Williamsburg,VA,4670 Casey Blvd,Unique store number,0,1
787668,1641,Williamston,NC,1529 Washington St,Unique store number,0,1
1406481,3774,Williamstown,NJ,1840 S Black Horse Pike,Unique store number,0,1
304396,2355,Buffalo,NY,5033 Transit Rd,Unique store number,0,1
304216,1565,Williston,ND,4001 2nd Ave W,Unique store number,0,1
305228,2224,Williston,VT,863 Harvest Ln,Unique store number,0,1
303925,1470,Willmar,MN,700 19th Ave SE,Unique store number,0,1
820477,3564,Willow Grove,PA,2101 Blair Mill Rd,Unique store number,0,1
302927,2053,Willows,CA,470 N Airport Rd,Unique store number,0,1
304486,1289,Wilmington,OH,2825 Progress Way,Unique store number,0,1
322263,1348,Wilmington,NC,5135 Carolina Beach Rd,Unique store number,0,1
304205,1392,Wilmington,NC,5226 Sigmon Rd,Unique store number,0,1
2303746,4065,Wilmington,NC,8035 Market St,Unique store number,0,1
680124,5436,Wilmington,DE,1251 Centerville Rd,Unique store number,0,1
304206,1664,Wilson,NC,2500 Forest Hills Rd W,Unique store number,0,1
2311820,4545,Wilson,NC,2700 Ward Blvd,Unique store number,0,1
303121,1203,Wimauma,FL,4928 State Road 674,Unique store number,0,1
138430,1406,Winchester,VA,2350 S Pleasant Valley Rd,Unique store number,0,1
303522,1480,Winchester,IN,950 E Greenville Pike,Unique store number,0,1
1101281,4514,Winchester,VA,201 Maranto Manor Dr,Unique store number,0,1
303648,702,Winchester,KY,1859 Bypass Rd,Unique store number,0,1
304860,735,Winchester,TN,2675 Decherd Blvd,Unique store number,0,1
670763,3344,Winchester,VA,501 Wal Mart Dr,Unique store number,0,1
303253,520,Winder,GA,440 Atlanta Hwy NW,Unique store number,0,1
303823,2202,Windham,ME,30 Landing Rd,Unique store number,0,1
302928,2553,Windsor,CA,6650 Hembree Ln,Unique store number,0,1
302683,362,Winfield,AL,2575 Us Highway 43,Unique store number,0,1
751918,369,Winfield,KS,2202 Pike Rd,Unique store number,0,1
304328,2617,Winnemucca,NV,3010 Potato Rd,Unique store number,0,1
303727,244,Winnfield,LA,5940 Highway 167 N,Unique store number,0,1
303728,976,Winnsboro,LA,3360 Front St,Unique store number,0,1
595469,5397,Winona,MN,955 Frontenac Dr,Unique store number,0,1
302804,1328,Winslow,AZ,700 Mikes Pike St,Unique store number,0,1
304207,1849,Winston Salem,NC,320 E Hanes Mill Rd,Unique store number,0,1
304208,2472,Winston Salem,NC,4550 Kester Mill Rd,Unique store number,0,1
1100982,3626,Winston Salem,NC,3475 Parkway Village Cir,Unique store number,0,1
2220306,6263,Winston Salem,NC,5039 University Pkwy,Unique store number,0,1
2220307,6264,Winston Salem,NC,180 Harvey St,Unique store number,0,1
2303749,6814,Winston Salem,NC,5175 Brookberry Park Ave,Unique store number,0,1
2403291,110,Winter Garden,FL,16313 New Independence Pkwy,Unique store number,0,1
680062,3347,Winter Haven,FL,7450 Cypress Gardens Blvd,Unique store number,0,1
303151,968,Winter Haven,FL,355 Cypress Gardens Blvd,Unique store number,0,1
456217,5132,Winter Springs,FL,5216 Red Bug Lake Rd,Unique store number,0,1
2303798,7235,Winterville,NC,3801 S Memorial Dr,Unique store number,0,1
832989,3505,Wisconsin Dells,WI,130 Commerce St,Unique store number,0,1
305327,1202,Wisconsin Rapids,WI,4331 8th St S,Unique store number,0,1
303439,1071,Wood River,IL,610 Wesley Dr,Unique store number,0,1
304595,2927,Troutdale,OR,23500 NE Sandy Blvd,Unique store number,0,1
305222,1852,WOODBRIDGE,VA,14000 Worth Ave,Unique store number,0,1
2303754,5281,WOODBRIDGE,NJ,360 Us Highway 9 N,Unique store number,0,1
304596,1793,Woodburn,OR,3002 Stacey Allison Way,Unique store number,0,1
677534,3336,Trenton,MI,23800 Allen Rd,Unique store number,0,1
305223,2647,Woodstock,VA,461 W Reservoir Rd,Unique store number,0,1
746310,3434,Woodstock,IL,1275 Lake Ave,Unique store number,0,1
615597,5275,Woodstock,GA,6435 Bells Ferry Rd,Unique store number,0,1
303254,575,Woodstock,GA,12182 Highway 92,Unique store number,0,1
787684,4389,WOODSVILLE,NH,4901 Dartmouth College Hwy,Unique store number,0,1
305135,288,Woodville,TX,115 Cobb Mill Rd,Unique store number,0,1
304568,150,Woodward,OK,3215 Williams Ave,Unique store number,0,1
304487,1812,Wooster,OH,3883 Burbank Rd,Unique store number,0,1
881567,4387,Worcester,MA,25 Tobias Boland Way,Unique store number,0,1
303926,2820,WORTHINGTON,MN,1055 Ryans Rd,Unique store number,0,1
553975,5210,Wylie,TX,2050 N Highway 78,Unique store number,0,1
2219694,6078,Wylie,TX,1400 Mccreary Rd,Unique store number,0,1
513577,5229,Wyncote,PA,1000 Easton Rd Ste 200,Unique store number,0,1
302765,68,Wynne,AR,800 Highway 64 E,Unique store number,0,1
2151101,3453,Grand Rapids,MI,355 54th St SW,Unique store number,0,1
304682,1670,READING,PA,1135 Berkshire Blvd,Unique store number,0,1
305224,3270,Wytheville,VA,345 Commonwealth Dr,Unique store number,0,1
304488,1463,Xenia,OH,70 Hospitality Dr,Unique store number,0,1
764379,3705,Yelm,WA,17100 State Route 507 SE,Unique store number,0,1
305261,2269,Yakima,WA,1600 E Chestnut Ave,Unique store number,0,1
866924,5078,Yakima,WA,6600 W Nob Hill Blvd,Unique store number,0,1
304770,1483,Yankton,SD,3001 Broadway Ave,Unique store number,0,1
3182667,8331,Yaphank,NY,901 Boulevard E,Unique store number,0,1
2449631,3060,Yazoo City,MS,2129 Grand Ave,Unique store number,0,1
304761,1144,York,SC,970 E Liberty St,Unique store number,0,1
304683,1529,York,PA,2801 E Market St Bldg B,Unique store number,0,1
2303755,2205,York,PA,1000 Town Center Dr,Unique store number,0,1
304237,350,York,NE,101 E David Dr,Unique store number,0,1
864839,3860,Youngstown,OH,200 Goldie Rd,Unique store number,0,1
302930,1630,Yreka,CA,1906 Fort Jones Rd,Unique store number,0,1
302931,1903,Yuba City,CA,1150 Harter Rd,Unique store number,0,1
302932,1915,Yucca Valley,CA,58501 29 Palms Hwy,Unique store number,0,1
304569,221,Yukon,OK,1200 Garth Brooks Blvd,Unique store number,0,1
2303794,3637,Yukon,OK,1001 E Main St,Unique store number,0,1
499064,5037,Yulee,FL,464016 State Road 200,Unique store number,0,1
302805,1474,Yuma,AZ,2900 S Pacific Ave,Unique store number,0,1
751486,4325,Yuma,AZ,8151 E 32nd St,Unique store number,0,1
595466,5342,Yuma,AZ,2501 S Avenue B,Unique store number,0,1
2333663,7320,Yuma,AZ,2675 W 8th St,Unique store number,0,1
303729,428,Zachary,LA,5801 Main St,Unique store number,0,1
304489,2209,Zanesville,OH,2850 Maple Ave,Unique store number,0,1
466385,3581,Zanesville,OH,2850 Maysville Pike,Unique store number,0,1
787650,4499,Zebulon,NC,841 E Gannon Ave,Unique store number,0,1
303152,706,ZEPHYRHILLS,FL,7631 Gall Blvd,Unique store number,0,1
820533,3893,Zion,IL,4000 Il Route 173,Unique store number,0,1
